CCAA,FECHA,PCR+,Hospitalizados,UCI,Fallecidos,Column 9
AN,2020-02-20T00:00:00Z,0,,,,
AR,2020-02-20T00:00:00Z,0,,,,
AS,2020-02-20T00:00:00Z,0,,,,
IB,2020-02-20T00:00:00Z,1,,,,
CN,2020-02-20T00:00:00Z,1,,,,
CB,2020-02-20T00:00:00Z,0,,,,
CM,2020-02-20T00:00:00Z,0,,,,
CL,2020-02-20T00:00:00Z,0,,,,
CT,2020-02-20T00:00:00Z,0,,,,
CE,2020-02-20T00:00:00Z,0,,,,
VC,2020-02-20T00:00:00Z,0,26,0,,
EX,2020-02-20T00:00:00Z,0,,,,
GA,2020-02-20T00:00:00Z,0,,,,
MD,2020-02-20T00:00:00Z,1,,,,
ML,2020-02-20T00:00:00Z,0,,,,
MC,2020-02-20T00:00:00Z,0,,,,
NC,2020-02-20T00:00:00Z,0,,,,
PV,2020-02-20T00:00:00Z,0,,,,
RI,2020-02-20T00:00:00Z,0,,,,
AN,2020-02-21T00:00:00Z,0,,,,
AR,2020-02-21T00:00:00Z,0,,,,
AS,2020-02-21T00:00:00Z,0,,,,
IB,2020-02-21T00:00:00Z,1,,,,
CN,2020-02-21T00:00:00Z,1,,,,
CB,2020-02-21T00:00:00Z,0,,,,
CM,2020-02-21T00:00:00Z,0,,,,
CL,2020-02-21T00:00:00Z,0,,,,
CT,2020-02-21T00:00:00Z,0,,,,
CE,2020-02-21T00:00:00Z,0,,,,
VC,2020-02-21T00:00:00Z,0,30,1,,
EX,2020-02-21T00:00:00Z,0,,,,
GA,2020-02-21T00:00:00Z,0,,,,
MD,2020-02-21T00:00:00Z,1,,,,
ML,2020-02-21T00:00:00Z,0,,,,
MC,2020-02-21T00:00:00Z,0,,,,
NC,2020-02-21T00:00:00Z,0,,,,
PV,2020-02-21T00:00:00Z,0,,,,
RI,2020-02-21T00:00:00Z,0,,,,
AN,2020-02-22T00:00:00Z,0,,,,
AR,2020-02-22T00:00:00Z,0,,,,
AS,2020-02-22T00:00:00Z,0,,,,
IB,2020-02-22T00:00:00Z,1,,,,
CN,2020-02-22T00:00:00Z,1,,,,
CB,2020-02-22T00:00:00Z,0,,,,
CM,2020-02-22T00:00:00Z,0,,,,
CL,2020-02-22T00:00:00Z,0,,,,
CT,2020-02-22T00:00:00Z,0,,,,
CE,2020-02-22T00:00:00Z,0,,,,
VC,2020-02-22T00:00:00Z,0,33,1,,
EX,2020-02-22T00:00:00Z,0,,,,
GA,2020-02-22T00:00:00Z,0,,,,
MD,2020-02-22T00:00:00Z,1,,,,
ML,2020-02-22T00:00:00Z,0,,,,
MC,2020-02-22T00:00:00Z,0,,,,
NC,2020-02-22T00:00:00Z,0,,,,
PV,2020-02-22T00:00:00Z,0,,,,
RI,2020-02-22T00:00:00Z,0,,,,
AN,2020-02-23T00:00:00Z,0,,,,
AR,2020-02-23T00:00:00Z,0,,,,
AS,2020-02-23T00:00:00Z,0,,,,
IB,2020-02-23T00:00:00Z,1,,,,
CN,2020-02-23T00:00:00Z,1,,,,
CB,2020-02-23T00:00:00Z,0,,,,
CM,2020-02-23T00:00:00Z,0,,,,
CL,2020-02-23T00:00:00Z,0,,,,
CT,2020-02-23T00:00:00Z,0,,,,
CE,2020-02-23T00:00:00Z,0,,,,
VC,2020-02-23T00:00:00Z,0,38,2,,
EX,2020-02-23T00:00:00Z,0,,,,
GA,2020-02-23T00:00:00Z,0,,,,
MD,2020-02-23T00:00:00Z,1,,,,
ML,2020-02-23T00:00:00Z,0,,,,
MC,2020-02-23T00:00:00Z,0,,,,
NC,2020-02-23T00:00:00Z,0,,,,
PV,2020-02-23T00:00:00Z,0,,,,
RI,2020-02-23T00:00:00Z,0,,,,
AN,2020-02-24T00:00:00Z,0,,,,
AR,2020-02-24T00:00:00Z,0,,,,
AS,2020-02-24T00:00:00Z,0,,,,
IB,2020-02-24T00:00:00Z,1,,,,
CN,2020-02-24T00:00:00Z,2,,,,
CB,2020-02-24T00:00:00Z,0,,,,
CM,2020-02-24T00:00:00Z,0,,,,
CL,2020-02-24T00:00:00Z,0,,,,
CT,2020-02-24T00:00:00Z,0,,,,
CE,2020-02-24T00:00:00Z,0,,,,
VC,2020-02-24T00:00:00Z,0,49,2,,
EX,2020-02-24T00:00:00Z,0,,,,
GA,2020-02-24T00:00:00Z,0,,,,
MD,2020-02-24T00:00:00Z,1,,,,
ML,2020-02-24T00:00:00Z,0,,,,
MC,2020-02-24T00:00:00Z,0,,,,
NC,2020-02-24T00:00:00Z,0,,,,
PV,2020-02-24T00:00:00Z,0,,,,
RI,2020-02-24T00:00:00Z,0,,,,
AN,2020-02-25T00:00:00Z,0,,,,
AR,2020-02-25T00:00:00Z,0,,,,
AS,2020-02-25T00:00:00Z,0,,,,
IB,2020-02-25T00:00:00Z,1,,,,
CN,2020-02-25T00:00:00Z,5,,,,
CB,2020-02-25T00:00:00Z,0,,,,
CM,2020-02-25T00:00:00Z,0,,,,
CL,2020-02-25T00:00:00Z,0,,,,
CT,2020-02-25T00:00:00Z,1,,,,
CE,2020-02-25T00:00:00Z,0,,,,
VC,2020-02-25T00:00:00Z,1,58,2,,
EX,2020-02-25T00:00:00Z,0,,,,
GA,2020-02-25T00:00:00Z,0,,,,
MD,2020-02-25T00:00:00Z,2,,,,
ML,2020-02-25T00:00:00Z,0,,,,
MC,2020-02-25T00:00:00Z,0,,,,
NC,2020-02-25T00:00:00Z,0,,,,
PV,2020-02-25T00:00:00Z,0,,,,
RI,2020-02-25T00:00:00Z,0,,,,
AN,2020-02-26T00:00:00Z,1,,,,
AR,2020-02-26T00:00:00Z,0,,,,
AS,2020-02-26T00:00:00Z,0,,,,
IB,2020-02-26T00:00:00Z,1,,,,
CN,2020-02-26T00:00:00Z,6,,,,
CB,2020-02-26T00:00:00Z,0,,,,
CM,2020-02-26T00:00:00Z,0,,,,
CL,2020-02-26T00:00:00Z,0,,,,
CT,2020-02-26T00:00:00Z,2,,,,
CE,2020-02-26T00:00:00Z,0,,,,
VC,2020-02-26T00:00:00Z,2,63,3,,
EX,2020-02-26T00:00:00Z,0,,,,
GA,2020-02-26T00:00:00Z,0,,,,
MD,2020-02-26T00:00:00Z,6,,,,
ML,2020-02-26T00:00:00Z,0,,,,
MC,2020-02-26T00:00:00Z,0,,,,
NC,2020-02-26T00:00:00Z,0,,,,
PV,2020-02-26T00:00:00Z,0,,,,
RI,2020-02-26T00:00:00Z,0,,,,
AN,2020-02-27T00:00:00Z,6,,,,
AR,2020-02-27T00:00:00Z,0,,,,
AS,2020-02-27T00:00:00Z,0,,,,
IB,2020-02-27T00:00:00Z,1,,,,
CN,2020-02-27T00:00:00Z,6,,,,
CB,2020-02-27T00:00:00Z,0,,,,
CM,2020-02-27T00:00:00Z,0,,,,
CL,2020-02-27T00:00:00Z,2,,,,
CT,2020-02-27T00:00:00Z,3,,,,
CE,2020-02-27T00:00:00Z,0,,,,
VC,2020-02-27T00:00:00Z,8,73,3,,
EX,2020-02-27T00:00:00Z,0,,,,
GA,2020-02-27T00:00:00Z,0,,,,
MD,2020-02-27T00:00:00Z,10,,,,
ML,2020-02-27T00:00:00Z,0,,,,
MC,2020-02-27T00:00:00Z,0,,,,
NC,2020-02-27T00:00:00Z,0,,,,
PV,2020-02-27T00:00:00Z,0,,,,
RI,2020-02-27T00:00:00Z,0,,,,
AN,2020-02-28T00:00:00Z,8,,,,
AR,2020-02-28T00:00:00Z,0,,,,
AS,2020-02-28T00:00:00Z,0,,,,
IB,2020-02-28T00:00:00Z,2,,,,
CN,2020-02-28T00:00:00Z,6,,,,
CB,2020-02-28T00:00:00Z,0,,,,
CM,2020-02-28T00:00:00Z,0,,,,
CL,2020-02-28T00:00:00Z,2,,,,
CT,2020-02-28T00:00:00Z,5,,,,
CE,2020-02-28T00:00:00Z,0,,,,
VC,2020-02-28T00:00:00Z,10,78,3,,
EX,2020-02-28T00:00:00Z,0,,,,
GA,2020-02-28T00:00:00Z,0,,,,
MD,2020-02-28T00:00:00Z,20,,,,
ML,2020-02-28T00:00:00Z,0,,,,
MC,2020-02-28T00:00:00Z,0,,,,
NC,2020-02-28T00:00:00Z,0,,,,
PV,2020-02-28T00:00:00Z,2,,,,
RI,2020-02-28T00:00:00Z,0,,,,
AN,2020-02-29T00:00:00Z,12,,,,
AR,2020-02-29T00:00:00Z,0,,,,
AS,2020-02-29T00:00:00Z,1,0,1,0,
IB,2020-02-29T00:00:00Z,2,,,,
CN,2020-02-29T00:00:00Z,7,,,,
CB,2020-02-29T00:00:00Z,1,,,,
CM,2020-02-29T00:00:00Z,1,,,,
CL,2020-02-29T00:00:00Z,3,,,,
CT,2020-02-29T00:00:00Z,6,,,,
CE,2020-02-29T00:00:00Z,0,,,,
VC,2020-02-29T00:00:00Z,15,85,3,,
EX,2020-02-29T00:00:00Z,4,,,,
GA,2020-02-29T00:00:00Z,0,,,,
MD,2020-02-29T00:00:00Z,27,,,,
ML,2020-02-29T00:00:00Z,0,,,,
MC,2020-02-29T00:00:00Z,0,,,,
NC,2020-02-29T00:00:00Z,1,,,,
PV,2020-02-29T00:00:00Z,3,,,,
RI,2020-02-29T00:00:00Z,0,,,,
AN,020-/-1/,12,,,,
AR,020-/-1/,0,,,,
AS,020-/-1/,1,0,1,0,
IB,020-/-1/,2,,,,
CN,020-/-1/,7,,,,
CB,020-/-1/,10,,,,
CM,020-/-1/,3,,,,
CL,020-/-1/,3,,,,
CT,020-/-1/,15,,,,
CE,020-/-1/,0,,,,
VC,020-/-1/,15,88,3,,
EX,020-/-1/,6,,,,
GA,020-/-1/,0,,,,
MD,020-/-1/,53,,,,
ML,020-/-1/,0,,,,
MC,020-/-1/,0,,,,
NC,020-/-1/,1,,,,
PV,020-/-1/,9,,,,
RI,020-/-1/,1,,,,
AN,020-/-2/,12,,,,
AR,020-/-2/,0,,,,
AS,020-/-2/,1,1,1,0,
IB,020-/-2/,2,,,,
CN,020-/-2/,7,,,,
CB,020-/-2/,10,,,,
CM,020-/-2/,7,,,,
CL,020-/-2/,8,,,,
CT,020-/-2/,15,,,,
CE,020-/-2/,0,,,,
VC,020-/-2/,15,93,3,,
EX,020-/-2/,6,,,,
GA,020-/-2/,0,,,,
MD,020-/-2/,96,,,,
ML,020-/-2/,0,,,,
MC,020-/-2/,0,,,,
NC,020-/-2/,1,,,,
PV,020-/-2/,13,,,,
RI,020-/-2/,2,,,,
AN,020-/-3/,12,,,,
AR,020-/-3/,0,,,,
AS,020-/-3/,2,1,1,0,
IB,020-/-3/,5,,,,
CN,020-/-3/,7,,,,
CB,020-/-3/,10,,,,
CM,020-/-3/,12,,,,
CL,020-/-3/,11,,,,
CT,020-/-3/,15,,,,
CE,020-/-3/,0,,,,
VC,020-/-3/,19,105,5,,
EX,020-/-3/,6,,,,
GA,020-/-3/,1,,,,
MD,020-/-3/,142,,,,
ML,020-/-3/,0,,,,
MC,020-/-3/,0,,,,
NC,020-/-3/,3,,,,
PV,020-/-3/,17,,,,
RI,020-/-3/,7,,,,
AN,020-/-4/,12,,,,
AR,020-/-4/,1,,,,
AS,020-/-4/,4,1,1,0,
IB,020-/-4/,6,,,,
CN,020-/-4/,8,,,,
CB,020-/-4/,10,,,,
CM,020-/-4/,13,,,,
CL,020-/-4/,11,,,,
CT,020-/-4/,24,,,,
CE,020-/-4/,0,,,,
VC,020-/-4/,19,117,6,,
EX,020-/-4/,6,,,,
GA,020-/-4/,1,,,,
MD,020-/-4/,199,,,,
ML,020-/-4/,0,,,,
MC,020-/-4/,0,,,,
NC,020-/-4/,3,,,,
PV,020-/-4/,17,,,,
RI,020-/-4/,17,,,,
AN,020-/-5/,21,,,,
AR,020-/-5/,1,,,,
AS,020-/-5/,4,4,1,0,
IB,020-/-5/,6,,,,
CN,020-/-5/,11,,,,
CB,020-/-5/,10,,,,
CM,020-/-5/,15,,,,
CL,020-/-5/,14,,,,
CT,020-/-5/,24,,,,
CE,020-/-5/,0,,,,
VC,020-/-5/,30,130,8,,
EX,020-/-5/,6,,,,
GA,020-/-5/,3,,,,
MD,020-/-5/,311,,,,
ML,020-/-5/,0,,,,
MC,020-/-5/,0,,,,
NC,020-/-5/,3,,,,
PV,020-/-5/,45,,,,
RI,020-/-5/,29,,,,
AN,020-/-6/,27,,,,
AR,020-/-6/,5,,,,
AS,020-/-6/,7,4,1,0,
IB,020-/-6/,6,,,,
CN,020-/-6/,11,,,,
CB,020-/-6/,10,,,,
CM,020-/-6/,15,,,,
CL,020-/-6/,14,,,,
CT,020-/-6/,24,,,,
CE,020-/-6/,0,,,,
VC,020-/-6/,30,138,8,,
EX,020-/-6/,6,,,,
GA,020-/-6/,3,,,,
MD,020-/-6/,515,,,,
ML,020-/-6/,0,,,,
MC,020-/-6/,0,,,,
NC,020-/-6/,3,,,,
PV,020-/-6/,45,,,,
RI,020-/-6/,47,,,,
AN,020-/-7/,34,,,,
AR,020-/-7/,5,,,,
AS,020-/-7/,8,4,1,0,
IB,020-/-7/,8,,,,
CN,020-/-7/,17,,,,
CB,020-/-7/,12,,,,
CM,020-/-7/,15,,,,
CL,020-/-7/,22,,,,
CT,020-/-7/,49,,,,
CE,020-/-7/,0,,,,
VC,020-/-7/,37,146,9,,
EX,020-/-7/,6,,,,
GA,020-/-7/,5,,,,
MD,020-/-7/,738,,,,
ML,020-/-7/,0,,,,
MC,020-/-7/,1,,,,
NC,020-/-7/,3,,,,
PV,020-/-7/,70,,,,
RI,020-/-7/,70,,,,
AN,020-/-8/,54,,1,0,
AR,020-/-8/,7,,3,3,
AS,020-/-8/,10,7,1,0,
IB,020-/-8/,11,,1,0,
CN,020-/-8/,22,,0,0,
CB,020-/-8/,12,,0,0,
CM,020-/-8/,26,21,2,0,
CL,020-/-8/,23,,2,0,
CT,020-/-8/,59,16,5,2,
CE,020-/-8/,0,,0,0,
VC,020-/-8/,37,153,9,1,
EX,020-/-8/,7,,0,0,
GA,020-/-8/,6,,2,0,
MD,020-/-8/,1003,,61,16,
ML,020-/-8/,0,,0,0,
MC,020-/-8/,4,,0,0,
NC,020-/-8/,3,,1,0,
PV,020-/-8/,149,,5,6,
RI,020-/-8/,102,,1,0,
AN,020-/-9/,71,,1,0,
AR,020-/-9/,30,,3,4,
AS,020-/-9/,15,11,1,0,
IB,020-/-9/,13,,1,0,
CN,020-/-9/,25,,1,0,
CB,020-/-9/,12,,0,0,
CM,020-/-9/,39,31,3,0,
CL,020-/-9/,56,,2,0,
CT,020-/-9/,82,31,7,2,
CE,020-/-9/,0,,0,0,
VC,020-/-9/,50,171,10,1,
EX,020-/-9/,8,,0,0,
GA,020-/-9/,22,,2,0,
MD,020-/-9/,1508,,120,21,
ML,020-/-9/,0,,0,0,
MC,020-/-9/,9,,0,0,
NC,020-/-9/,12,,2,0,
PV,020-/-9/,195,,5,6,
RI,020-/-9/,155,,1,1,
AN,2020-03-10T00:00:00Z,90,32,3,0,
AR,2020-03-10T00:00:00Z,38,22,3,4,
AS,2020-03-10T00:00:00Z,32,13,2,0,
IB,2020-03-10T00:00:00Z,16,8,1,0,
CN,2020-03-10T00:00:00Z,37,10,1,0,
CB,2020-03-10T00:00:00Z,12,0,0,0,
CM,2020-03-10T00:00:00Z,71,46,5,0,
CL,2020-03-10T00:00:00Z,71,24,5,0,
CT,2020-03-10T00:00:00Z,123,50,8,3,
CE,2020-03-10T00:00:00Z,0,0,0,0,
VC,2020-03-10T00:00:00Z,65,200,12,1,
EX,2020-03-10T00:00:00Z,9,1,1,1,
GA,2020-03-10T00:00:00Z,35,7,2,0,
MD,2020-03-10T00:00:00Z,2213,571,184,31,
ML,2020-03-10T00:00:00Z,0,0,0,0,
MC,2020-03-10T00:00:00Z,11,5,0,0,
NC,2020-03-10T00:00:00Z,46,10,3,0,
PV,2020-03-10T00:00:00Z,225,102,15,6,
RI,2020-03-10T00:00:00Z,185,13,1,2,
AN,2020-03-11T00:00:00Z,115,50,4,0,
AR,2020-03-11T00:00:00Z,45,28,3,6,
AS,2020-03-11T00:00:00Z,37,15,2,0,
IB,2020-03-11T00:00:00Z,22,8,2,1,
CN,2020-03-11T00:00:00Z,51,15,3,0,
CB,2020-03-11T00:00:00Z,16,3,0,0,
CM,2020-03-11T00:00:00Z,115,72,9,1,
CL,2020-03-11T00:00:00Z,92,25,7,0,
CT,2020-03-11T00:00:00Z,202,74,16,6,
CE,2020-03-11T00:00:00Z,0,0,0,0,
VC,2020-03-11T00:00:00Z,76,232,15,1,
EX,2020-03-11T00:00:00Z,19,3,1,1,
GA,2020-03-11T00:00:00Z,35,7,2,0,
MD,2020-03-11T00:00:00Z,2943,868,238,56,
ML,2020-03-11T00:00:00Z,0,0,0,0,
MC,2020-03-11T00:00:00Z,26,5,1,0,
NC,2020-03-11T00:00:00Z,73,17,3,0,
PV,2020-03-11T00:00:00Z,346,146,18,11,
RI,2020-03-11T00:00:00Z,220,21,1,2,
AN,2020-03-12T00:00:00Z,219,92,8,0,
AR,2020-03-12T00:00:00Z,64,30,3,7,
AS,2020-03-12T00:00:00Z,40,18,2,1,
IB,2020-03-12T00:00:00Z,28,8,2,1,
CN,2020-03-12T00:00:00Z,70,15,3,0,
CB,2020-03-12T00:00:00Z,29,3,0,0,
CM,2020-03-12T00:00:00Z,194,128,10,5,
CL,2020-03-12T00:00:00Z,169,25,8,1,
CT,2020-03-12T00:00:00Z,349,137,22,9,
CE,2020-03-12T00:00:00Z,0,0,0,0,
VC,2020-03-12T00:00:00Z,94,271,22,1,
EX,2020-03-12T00:00:00Z,39,3,1,1,
GA,2020-03-12T00:00:00Z,85,15,6,0,
MD,2020-03-12T00:00:00Z,3732,1290,307,81,
ML,2020-03-12T00:00:00Z,2,3,0,0,
MC,2020-03-12T00:00:00Z,35,8,2,0,
NC,2020-03-12T00:00:00Z,130,28,4,0,
PV,2020-03-12T00:00:00Z,417,179,20,14,
RI,2020-03-12T00:00:00Z,259,27,2,3,
AN,2020-03-13T00:00:00Z,269,92,8,2,
AR,2020-03-13T00:00:00Z,80,42,5,7,
AS,2020-03-13T00:00:00Z,86,24,2,2,
IB,2020-03-13T00:00:00Z,28,8,2,1,
CN,2020-03-13T00:00:00Z,90,15,6,1,
CB,2020-03-13T00:00:00Z,31,3,0,0,
CM,2020-03-13T00:00:00Z,289,191,22,6,
CL,2020-03-13T00:00:00Z,223,25,15,3,
CT,2020-03-13T00:00:00Z,558,200,29,13,
CE,2020-03-13T00:00:00Z,0,0,0,0,
VC,2020-03-13T00:00:00Z,130,307,29,4,
EX,2020-03-13T00:00:00Z,66,3,1,2,
GA,2020-03-13T00:00:00Z,115,32,6,0,
MD,2020-03-13T00:00:00Z,4672,1699,370,86,
ML,2020-03-13T00:00:00Z,3,3,0,0,
MC,2020-03-13T00:00:00Z,47,8,2,0,
NC,2020-03-13T00:00:00Z,146,28,4,0,
PV,2020-03-13T00:00:00Z,521,179,22,14,
RI,2020-03-13T00:00:00Z,292,38,2,3,
AN,2020-03-14T00:00:00Z,437,92,8,6,
AR,2020-03-14T00:00:00Z,121,59,5,7,
AS,2020-03-14T00:00:00Z,123,28,3,2,
IB,2020-03-14T00:00:00Z,42,8,2,1,
CN,2020-03-14T00:00:00Z,109,15,6,1,
CB,2020-03-14T00:00:00Z,51,3,0,0,
CM,2020-03-14T00:00:00Z,401,247,56,10,
CL,2020-03-14T00:00:00Z,292,45,22,6,
CT,2020-03-14T00:00:00Z,742,287,40,15,
CE,2020-03-14T00:00:00Z,1,0,0,0,
VC,2020-03-14T00:00:00Z,409,339,37,5,
EX,2020-03-14T00:00:00Z,95,7,1,2,
GA,2020-03-14T00:00:00Z,195,32,6,2,
MD,2020-03-14T00:00:00Z,5576,2207,469,213,
ML,2020-03-14T00:00:00Z,8,4,0,0,
MC,2020-03-14T00:00:00Z,71,13,2,0,
NC,2020-03-14T00:00:00Z,183,34,4,0,
PV,2020-03-14T00:00:00Z,630,262,29,23,
RI,2020-03-14T00:00:00Z,300,58,7,3,
AN,2020-03-15T00:00:00Z,554,197,11,7,
AR,2020-03-15T00:00:00Z,147,64,7,11,
AS,2020-03-15T00:00:00Z,160,39,3,2,
IB,2020-03-15T00:00:00Z,73,21,4,1,
CN,2020-03-15T00:00:00Z,119,40,9,1,
CB,2020-03-15T00:00:00Z,58,18,2,0,
CM,2020-03-15T00:00:00Z,567,319,78,17,
CL,2020-03-15T00:00:00Z,334,95,29,9,
CT,2020-03-15T00:00:00Z,1017,375,52,20,
CE,2020-03-15T00:00:00Z,1,0,0,0,
VC,2020-03-15T00:00:00Z,409,390,47,5,
EX,2020-03-15T00:00:00Z,111,9,2,2,
GA,2020-03-15T00:00:00Z,245,49,8,2,
MD,2020-03-15T00:00:00Z,6392,2747,566,213,
ML,2020-03-15T00:00:00Z,8,4,0,0,
MC,2020-03-15T00:00:00Z,77,13,2,0,
NC,2020-03-15T00:00:00Z,274,58,5,1,
PV,2020-03-15T00:00:00Z,630,262,29,23,
RI,2020-03-15T00:00:00Z,312,64,13,4,
AN,2020-03-16T00:00:00Z,683,229,13,11,
AR,2020-03-16T00:00:00Z,207,74,9,12,
AS,2020-03-16T00:00:00Z,224,57,6,2,
IB,2020-03-16T00:00:00Z,92,26,4,1,
CN,2020-03-16T00:00:00Z,148,56,13,2,
CB,2020-03-16T00:00:00Z,58,18,2,0,
CM,2020-03-16T00:00:00Z,567,402,95,17,
CL,2020-03-16T00:00:00Z,431,95,36,12,
CT,2020-03-16T00:00:00Z,1414,525,73,23,
CE,2020-03-16T00:00:00Z,1,0,0,0,
VC,2020-03-16T00:00:00Z,541,456,52,13,
EX,2020-03-16T00:00:00Z,153,13,5,3,
GA,2020-03-16T00:00:00Z,292,49,12,3,
MD,2020-03-16T00:00:00Z,7653,3314,702,355,
ML,2020-03-16T00:00:00Z,17,4,0,0,
MC,2020-03-16T00:00:00Z,97,18,3,0,
NC,2020-03-16T00:00:00Z,313,72,10,2,
PV,2020-03-16T00:00:00Z,765,309,33,36,
RI,2020-03-16T00:00:00Z,355,82,13,5,
AN,2020-03-17T00:00:00Z,859,319,21,19,
AR,2020-03-17T00:00:00Z,226,81,9,13,
AS,2020-03-17T00:00:00Z,269,78,9,2,
IB,2020-03-17T00:00:00Z,112,29,4,1,
CN,2020-03-17T00:00:00Z,181,73,17,3,
CB,2020-03-17T00:00:00Z,68,25,3,1,
CM,2020-03-17T00:00:00Z,675,498,123,28,
CL,2020-03-17T00:00:00Z,668,281,50,22,
CT,2020-03-17T00:00:00Z,1866,679,101,33,
CE,2020-03-17T00:00:00Z,1,0,0,0,
VC,2020-03-17T00:00:00Z,726,530,65,22,
EX,2020-03-17T00:00:00Z,194,22,6,6,
GA,2020-03-17T00:00:00Z,341,63,17,3,
MD,2020-03-17T00:00:00Z,9601,3934,850,390,
ML,2020-03-17T00:00:00Z,20,4,0,0,
MC,2020-03-17T00:00:00Z,122,22,4,0,
NC,2020-03-17T00:00:00Z,386,93,10,3,
PV,2020-03-17T00:00:00Z,973,353,37,40,
RI,2020-03-17T00:00:00Z,419,99,13,5,
AN,2020-03-18T00:00:00Z,1008,384,25,23,
AR,2020-03-18T00:00:00Z,281,101,14,15,
AS,2020-03-18T00:00:00Z,310,105,11,2,
IB,2020-03-18T00:00:00Z,169,31,7,2,
CN,2020-03-18T00:00:00Z,220,82,23,3,
CB,2020-03-18T00:00:00Z,83,40,4,1,
CM,2020-03-18T00:00:00Z,801,633,161,42,
CL,2020-03-18T00:00:00Z,868,362,63,29,
CT,2020-03-18T00:00:00Z,2702,825,118,53,
CE,2020-03-18T00:00:00Z,1,0,0,0,
VC,2020-03-18T00:00:00Z,921,647,85,24,
EX,2020-03-18T00:00:00Z,241,33,9,8,
GA,2020-03-18T00:00:00Z,453,100,24,4,
MD,2020-03-18T00:00:00Z,11356,4874,1011,498,
ML,2020-03-18T00:00:00Z,23,4,0,0,
MC,2020-03-18T00:00:00Z,167,36,6,0,
NC,2020-03-18T00:00:00Z,482,132,11,4,
PV,2020-03-18T00:00:00Z,1190,455,44,53,
RI,2020-03-18T00:00:00Z,468,121,15,5,
AN,2020-03-19T00:00:00Z,1287,501,38,30,
AR,2020-03-19T00:00:00Z,360,127,28,17,
AS,2020-03-19T00:00:00Z,429,129,13,4,
IB,2020-03-19T00:00:00Z,203,48,10,2,
CN,2020-03-19T00:00:00Z,287,115,25,4,
CB,2020-03-19T00:00:00Z,144,61,7,1,
CM,2020-03-19T00:00:00Z,1044,751,180,42,
CL,2020-03-19T00:00:00Z,1147,476,75,43,
CT,2020-03-19T00:00:00Z,3270,994,175,93,
CE,2020-03-19T00:00:00Z,5,0,0,0,
VC,2020-03-19T00:00:00Z,1105,777,101,33,
EX,2020-03-19T00:00:00Z,297,50,12,10,
GA,2020-03-19T00:00:00Z,578,138,34,5,
MD,2020-03-19T00:00:00Z,13399,6189,1196,628,
ML,2020-03-19T00:00:00Z,24,5,1,0,
MC,2020-03-19T00:00:00Z,204,47,11,0,
NC,2020-03-19T00:00:00Z,554,172,19,5,
PV,2020-03-19T00:00:00Z,1465,550,53,71,
RI,2020-03-19T00:00:00Z,497,122,15,7,
AN,2020-03-20T00:00:00Z,1515,605,53,40,
AR,2020-03-20T00:00:00Z,424,192,33,22,
AS,2020-03-20T00:00:00Z,524,155,18,7,
IB,2020-03-20T00:00:00Z,246,60,14,4,
CN,2020-03-20T00:00:00Z,348,139,29,7,
CB,2020-03-20T00:00:00Z,215,92,9,2,
CM,2020-03-20T00:00:00Z,1423,998,208,84,
CL,2020-03-20T00:00:00Z,1466,629,96,55,
CT,2020-03-20T00:00:00Z,4203,1681,271,143,
CE,2020-03-20T00:00:00Z,5,0,0,0,
VC,2020-03-20T00:00:00Z,1363,947,129,50,
EX,2020-03-20T00:00:00Z,354,67,13,12,
GA,2020-03-20T00:00:00Z,739,168,40,9,
MD,2020-03-20T00:00:00Z,15722,7535,1401,804,
ML,2020-03-20T00:00:00Z,25,8,1,0,
MC,2020-03-20T00:00:00Z,240,61,14,1,
NC,2020-03-20T00:00:00Z,664,222,25,9,
PV,2020-03-20T00:00:00Z,1725,654,71,85,
RI,2020-03-20T00:00:00Z,564,128,17,15,
AN,2020-03-21T00:00:00Z,1725,724,55,47,
AR,2020-03-21T00:00:00Z,532,241,45,24,
AS,2020-03-21T00:00:00Z,569,180,22,12,
IB,2020-03-21T00:00:00Z,331,79,14,4,
CN,2020-03-21T00:00:00Z,414,150,32,9,
CB,2020-03-21T00:00:00Z,282,116,9,5,
CM,2020-03-21T00:00:00Z,1819,1126,249,112,
CL,2020-03-21T00:00:00Z,1744,798,111,74,
CT,2020-03-21T00:00:00Z,5046,1917,290,182,
CE,2020-03-21T00:00:00Z,5,0,0,0,
VC,2020-03-21T00:00:00Z,1604,1136,152,69,
EX,2020-03-21T00:00:00Z,384,97,24,14,
GA,2020-03-21T00:00:00Z,915,227,50,12,
MD,2020-03-21T00:00:00Z,17397,9063,1532,1021,
ML,2020-03-21T00:00:00Z,25,12,1,0,
MC,2020-03-21T00:00:00Z,296,78,16,1,
NC,2020-03-21T00:00:00Z,794,288,30,14,
PV,2020-03-21T00:00:00Z,2097,988,81,97,
RI,2020-03-21T00:00:00Z,654,134,17,18,
AN,2020-03-22T00:00:00Z,1961,865,77,58,
AR,2020-03-22T00:00:00Z,638,298,52,32,
AS,2020-03-22T00:00:00Z,621,210,25,22,
IB,2020-03-22T00:00:00Z,400,87,27,10,
CN,2020-03-22T00:00:00Z,481,172,32,11,
CB,2020-03-22T00:00:00Z,347,157,14,6,
CM,2020-03-22T00:00:00Z,2078,1410,266,145,
CL,2020-03-22T00:00:00Z,2055,977,130,102,
CT,2020-03-22T00:00:00Z,5747,2158,308,199,
CE,2020-03-22T00:00:00Z,6,0,0,0,
VC,2020-03-22T00:00:00Z,1901,1311,181,94,
EX,2020-03-22T00:00:00Z,493,105,33,18,
GA,2020-03-22T00:00:00Z,1208,270,62,18,
MD,2020-03-22T00:00:00Z,18900,10771,1664,1263,
ML,2020-03-22T00:00:00Z,28,12,1,0,
MC,2020-03-22T00:00:00Z,345,80,23,2,
NC,2020-03-22T00:00:00Z,886,339,40,24,
PV,2020-03-22T00:00:00Z,2421,1252,92,120,
RI,2020-03-22T00:00:00Z,747,166,22,22,
AN,2020-03-23T00:00:00Z,2470,1132,102,87,
AR,2020-03-23T00:00:00Z,758,384,66,37,
AS,2020-03-23T00:00:00Z,754,251,29,26,
IB,2020-03-23T00:00:00Z,478,127,35,10,
CN,2020-03-23T00:00:00Z,557,207,36,16,
CB,2020-03-23T00:00:00Z,425,200,16,9,
CM,2020-03-23T00:00:00Z,2465,1751,306,216,
CL,2020-03-23T00:00:00Z,2460,1197,151,124,
CT,2020-03-23T00:00:00Z,7864,3209,471,293,
CE,2020-03-23T00:00:00Z,6,0,0,0,
VC,2020-03-23T00:00:00Z,2167,1562,222,115,
EX,2020-03-23T00:00:00Z,636,113,40,26,
GA,2020-03-23T00:00:00Z,1415,338,78,20,
MD,2020-03-23T00:00:00Z,21569,12053,1813,1535,
ML,2020-03-23T00:00:00Z,28,12,1,0,
MC,2020-03-23T00:00:00Z,385,99,26,3,
NC,2020-03-23T00:00:00Z,1014,405,45,31,
PV,2020-03-23T00:00:00Z,2728,1425,106,133,
RI,2020-03-23T00:00:00Z,802,206,24,30,
AN,2020-03-24T00:00:00Z,3008,1433,116,113,
AR,2020-03-24T00:00:00Z,907,459,75,40,
AS,2020-03-24T00:00:00Z,812,281,39,29,
IB,2020-03-24T00:00:00Z,562,164,40,13,
CN,2020-03-24T00:00:00Z,657,235,43,21,
CB,2020-03-24T00:00:00Z,510,241,18,14,
CM,2020-03-24T00:00:00Z,2780,1980,334,263,
CL,2020-03-24T00:00:00Z,2940,1457,179,165,
CT,2020-03-24T00:00:00Z,9937,4349,713,385,
CE,2020-03-24T00:00:00Z,9,2,1,0,
VC,2020-03-24T00:00:00Z,2616,1842,255,143,
EX,2020-03-24T00:00:00Z,742,217,48,39,
GA,2020-03-24T00:00:00Z,1653,412,100,27,
MD,2020-03-24T00:00:00Z,24475,13297,1962,1825,
ML,2020-03-24T00:00:00Z,38,14,2,0,
MC,2020-03-24T00:00:00Z,477,127,33,5,
NC,2020-03-24T00:00:00Z,1197,506,51,33,
PV,2020-03-24T00:00:00Z,3271,1577,119,155,
RI,2020-03-24T00:00:00Z,928,254,33,37,
AN,2020-03-25T00:00:00Z,3404,1626,134,134,
AR,2020-03-25T00:00:00Z,1116,562,93,48,
AS,2020-03-25T00:00:00Z,891,322,48,29,
IB,2020-03-25T00:00:00Z,660,205,43,17,
CN,2020-03-25T00:00:00Z,784,279,45,24,
CB,2020-03-25T00:00:00Z,671,300,26,17,
CM,2020-03-25T00:00:00Z,3383,2266,351,316,
CL,2020-03-25T00:00:00Z,3488,1823,198,206,
CT,2020-03-25T00:00:00Z,11592,5371,764,501,
CE,2020-03-25T00:00:00Z,10,2,2,0,
VC,2020-03-25T00:00:00Z,3200,2097,289,167,
EX,2020-03-25T00:00:00Z,969,291,52,58,
GA,2020-03-25T00:00:00Z,1915,503,107,32,
MD,2020-03-25T00:00:00Z,27422,15024,2117,2090,
ML,2020-03-25T00:00:00Z,39,16,2,1,
MC,2020-03-25T00:00:00Z,596,172,36,8,
NC,2020-03-25T00:00:00Z,1411,649,54,49,
PV,2020-03-25T00:00:00Z,3946,1907,137,180,
RI,2020-03-25T00:00:00Z,995,316,36,43,
AN,2020-03-26T00:00:00Z,3790,1843,148,144,
AR,2020-03-26T00:00:00Z,1338,693,114,58,
AS,2020-03-26T00:00:00Z,960,370,56,39,
IB,2020-03-26T00:00:00Z,755,237,46,22,
CN,2020-03-26T00:00:00Z,878,328,61,27,
CB,2020-03-26T00:00:00Z,810,355,29,21,
CM,2020-03-26T00:00:00Z,3934,2673,367,367,
CL,2020-03-26T00:00:00Z,4132,2214,215,252,
CT,2020-03-26T00:00:00Z,12940,6714,972,685,
CE,2020-03-26T00:00:00Z,17,2,2,0,
VC,2020-03-26T00:00:00Z,3532,2357,325,198,
EX,2020-03-26T00:00:00Z,1231,344,54,69,
GA,2020-03-26T00:00:00Z,2322,557,122,43,
MD,2020-03-26T00:00:00Z,30796,17093,2272,2412,
ML,2020-03-26T00:00:00Z,42,18,2,1,
MC,2020-03-26T00:00:00Z,714,209,53,15,
NC,2020-03-26T00:00:00Z,1641,732,75,58,
PV,2020-03-26T00:00:00Z,4601,2270,154,207,
RI,2020-03-26T00:00:00Z,1236,388,43,55,
AN,2020-03-27T00:00:00Z,4271,2106,172,175,
AR,2020-03-27T00:00:00Z,1592,835,124,93,
AS,2020-03-27T00:00:00Z,1037,427,59,44,
IB,2020-03-27T00:00:00Z,862,283,59,26,
CN,2020-03-27T00:00:00Z,1025,377,68,36,
CB,2020-03-27T00:00:00Z,937,406,37,22,
CM,2020-03-27T00:00:00Z,4512,3106,383,448,
CL,2020-03-27T00:00:00Z,4791,2648,238,321,
CT,2020-03-27T00:00:00Z,14263,7954,1036,827,
CE,2020-03-27T00:00:00Z,17,2,2,1,
VC,2020-03-27T00:00:00Z,4034,2606,348,234,
EX,2020-03-27T00:00:00Z,1394,406,58,88,
GA,2020-03-27T00:00:00Z,2772,906,141,47,
MD,2020-03-27T00:00:00Z,33162,19098,2369,2757,
ML,2020-03-27T00:00:00Z,45,22,2,1,
MC,2020-03-27T00:00:00Z,802,231,58,17,
NC,2020-03-27T00:00:00Z,1829,827,84,70,
PV,2020-03-27T00:00:00Z,5136,2612,176,241,
RI,2020-03-27T00:00:00Z,1436,458,43,65,
AN,2020-03-28T00:00:00Z,4676,2294,201,207,
AR,2020-03-28T00:00:00Z,1858,835,145,104,
AS,2020-03-28T00:00:00Z,1143,452,63,47,
IB,2020-03-28T00:00:00Z,958,344,71,29,
CN,2020-03-28T00:00:00Z,1125,425,78,39,
CB,2020-03-28T00:00:00Z,1023,449,40,26,
CM,2020-03-28T00:00:00Z,5246,3430,393,539,
CL,2020-03-28T00:00:00Z,5414,3160,261,380,
CT,2020-03-28T00:00:00Z,15025,8447,1080,904,
CE,2020-03-28T00:00:00Z,21,2,2,1,
VC,2020-03-28T00:00:00Z,4784,2773,375,267,
EX,2020-03-28T00:00:00Z,1456,467,67,100,
GA,2020-03-28T00:00:00Z,3139,1043,159,60,
MD,2020-03-28T00:00:00Z,34189,21311,2423,3082,
ML,2020-03-28T00:00:00Z,48,24,2,1,
MC,2020-03-28T00:00:00Z,872,260,58,20,
NC,2020-03-28T00:00:00Z,2011,896,90,84,
PV,2020-03-28T00:00:00Z,5740,3106,271,265,
RI,2020-03-28T00:00:00Z,1629,497,43,68,
AN,2020-03-29T00:00:00Z,5398,2671,216,236,
AR,2020-03-29T00:00:00Z,2078,1094,148,106,
AS,2020-03-29T00:00:00Z,1206,491,67,59,
IB,2020-03-29T00:00:00Z,1000,352,80,37,
CN,2020-03-29T00:00:00Z,1204,444,84,40,
CB,2020-03-29T00:00:00Z,1100,481,46,27,
CM,2020-03-29T00:00:00Z,5858,3698,403,622,
CL,2020-03-29T00:00:00Z,5801,3411,272,442,
CT,2020-03-29T00:00:00Z,16104,9126,1150,983,
CE,2020-03-29T00:00:00Z,25,2,2,1,
VC,2020-03-29T00:00:00Z,5110,2914,393,310,
EX,2020-03-29T00:00:00Z,1560,505,71,106,
GA,2020-03-29T00:00:00Z,3723,1147,176,66,
MD,2020-03-29T00:00:00Z,35061,23125,2464,3392,
ML,2020-03-29T00:00:00Z,51,27,3,1,
MC,2020-03-29T00:00:00Z,939,265,58,25,
NC,2020-03-29T00:00:00Z,2146,955,96,102,
PV,2020-03-29T00:00:00Z,6057,3427,293,297,
RI,2020-03-29T00:00:00Z,1733,517,43,71,
AN,2020-03-30T00:00:00Z,5809,2867,235,248,
AR,2020-03-30T00:00:00Z,2272,1176,157,138,
AS,2020-03-30T00:00:00Z,1295,529,71,66,
IB,2020-03-30T00:00:00Z,1069,398,85,42,
CN,2020-03-30T00:00:00Z,1262,483,94,55,
CB,2020-03-30T00:00:00Z,1171,522,50,37,
CM,2020-03-30T00:00:00Z,6424,4187,408,708,
CL,2020-03-30T00:00:00Z,6211,3629,294,516,
CT,2020-03-30T00:00:00Z,18520,9925,1218,1216,
CE,2020-03-30T00:00:00Z,34,3,3,1,
VC,2020-03-30T00:00:00Z,5508,3111,416,339,
EX,2020-03-30T00:00:00Z,1628,561,77,133,
GA,2020-03-30T00:00:00Z,4039,1250,189,84,
MD,2020-03-30T00:00:00Z,37607,23913,2554,3603,
ML,2020-03-30T00:00:00Z,54,27,3,1,
MC,2020-03-30T00:00:00Z,974,283,59,34,
NC,2020-03-30T00:00:00Z,2305,1035,99,113,
PV,2020-03-30T00:00:00Z,6320,3594,307,325,
RI,2020-03-30T00:00:00Z,1810,575,51,85,
AN,2020-03-31T00:00:00Z,6379,3147,260,308,
AR,2020-03-31T00:00:00Z,2491,1234,160,169,
AS,2020-03-31T00:00:00Z,1367,554,79,75,
IB,2020-03-31T00:00:00Z,1131,467,94,46,
CN,2020-03-31T00:00:00Z,1380,532,110,62,
CB,2020-03-31T00:00:00Z,1213,543,54,54,
CM,2020-03-31T00:00:00Z,7047,4590,417,774,
CL,2020-03-31T00:00:00Z,6847,3951,318,585,
CT,2020-03-31T00:00:00Z,19991,11446,1345,1458,
CE,2020-03-31T00:00:00Z,51,6,3,1,
VC,2020-03-31T00:00:00Z,5922,3253,434,395,
EX,2020-03-31T00:00:00Z,1679,600,82,152,
GA,2020-03-31T00:00:00Z,4432,1338,203,103,
MD,2020-03-31T00:00:00Z,39409,24553,2627,3865,
ML,2020-03-31T00:00:00Z,62,32,3,1,
MC,2020-03-31T00:00:00Z,1041,304,59,37,
NC,2020-03-31T00:00:00Z,2497,1120,104,130,
PV,2020-03-31T00:00:00Z,6838,3806,324,369,
RI,2020-03-31T00:00:00Z,1960,619,54,90,
AN,020-/-1/,6957,3444,280,343,
AR,020-/-1/,2700,1320,170,200,
AS,020-/-1/,1435,602,84,76,
IB,020-/-1/,1204,516,104,58,
CN,020-/-1/,1444,566,113,68,
CB,020-/-1/,1268,567,57,60,
CM,020-/-1/,7682,4982,424,854,
CL,020-/-1/,7355,4207,332,641,
CT,020-/-1/,21804,12398,1415,1629,
CE,020-/-1/,55,7,3,1,
VC,020-/-1/,6308,3389,449,443,
EX,020-/-1/,1837,649,83,181,
GA,020-/-1/,4842,1447,212,120,
MD,020-/-1/,41199,26112,2694,4175,
ML,020-/-1/,62,32,3,1,
MC,020-/-1/,1084,389,68,42,
NC,020-/-1/,2682,1181,108,141,
PV,020-/-1/,7317,4087,344,412,
RI,020-/-1/,2083,660,57,101,
AN,020-/-2/,7353,3673,338,376,
AR,020-/-2/,2889,1431,172,224,
AS,020-/-2/,1504,634,88,80,
IB,020-/-2/,1257,586,111,69,
CN,020-/-2/,1490,605,120,73,
CB,020-/-2/,1321,592,59,64,
CM,020-/-2/,8523,5306,431,916,
CL,020-/-2/,7875,4472,342,723,
CT,020-/-2/,23460,13101,1482,1784,
CE,020-/-2/,62,8,3,1,
VC,020-/-2/,6624,3492,460,511,
EX,020-/-2/,1893,706,85,200,
GA,020-/-2/,5219,1630,219,138,
MD,020-/-2/,43038,27325,2764,4483,
ML,020-/-2/,70,34,3,2,
MC,020-/-2/,1145,405,72,46,
NC,020-/-2/,2836,1284,119,151,
PV,020-/-2/,7827,4283,363,444,
RI,020-/-2/,2224,738,64,109,
AN,020-/-3/,7847,3896,364,426,
AR,020-/-3/,3078,1505,182,251,
AS,020-/-3/,1573,657,91,83,
IB,020-/-3/,1271,633,113,71,
CN,020-/-3/,1564,632,128,78,
CB,020-/-3/,1384,619,60,68,
CM,020-/-3/,9324,5556,437,989,
CL,020-/-3/,8332,4685,351,786,
CT,020-/-3/,24734,14251,1569,1928,
CE,020-/-3/,73,8,4,1,
VC,020-/-3/,6901,3560,470,571,
EX,020-/-3/,1979,747,88,208,
GA,020-/-3/,5625,1767,229,159,
MD,020-/-3/,44779,28420,2821,4723,
ML,020-/-3/,79,37,3,2,
MC,020-/-3/,1188,434,79,51,
NC,020-/-3/,2972,1341,120,171,
PV,020-/-3/,8187,4522,377,477,
RI,020-/-3/,2405,805,64,128,
AN,020-/-4/,8279,4107,474,470,
AR,020-/-4/,3232,1588,182,270,
AS,020-/-4/,1627,674,93,87,
IB,020-/-4/,1293,663,119,75,
CN,020-/-4/,1622,644,129,80,
CB,020-/-4/,1441,639,62,68,
CM,020-/-4/,10031,5774,441,1055,
CL,020-/-4/,8749,4905,361,847,
CT,020-/-4/,26032,14798,1653,2053,
CE,020-/-4/,83,9,4,2,
VC,020-/-4/,7184,3620,478,613,
EX,020-/-4/,2047,768,91,218,
GA,020-/-4/,5944,1831,237,174,
MD,020-/-4/,45671,29542,2854,4941,
ML,020-/-4/,83,38,3,2,
MC,020-/-4/,1235,447,80,59,
NC,020-/-4/,3073,1399,123,178,
PV,020-/-4/,8628,4666,404,515,
RI,020-/-4/,2592,855,66,134,
AN,020-/-5/,8559,4227,489,491,
AR,020-/-5/,3347,1637,186,284,
AS,020-/-5/,1681,695,94,93,
IB,020-/-5/,1320,681,120,81,
CN,020-/-5/,1649,651,133,85,
CB,020-/-5/,1483,658,65,77,
CM,020-/-5/,10602,5967,445,1132,
CL,020-/-5/,9116,5041,368,919,
CT,020-/-5/,26824,15258,1685,2167,
CE,020-/-5/,83,9,4,3,
VC,020-/-5/,7334,3668,487,637,
EX,020-/-5/,2068,808,93,228,
GA,020-/-5/,6151,1916,245,190,
MD,020-/-5/,46197,30490,2879,5136,
ML,020-/-5/,86,38,3,2,
MC,020-/-5/,1259,468,81,68,
NC,020-/-5/,3231,1432,124,187,
PV,020-/-5/,8810,4794,410,548,
RI,020-/-5/,2719,888,66,141,
AN,020-/-6/,8743,4335,499,528,
AR,020-/-6/,3449,1663,196,312,
AS,020-/-6/,1702,727,96,101,
IB,020-/-6/,1369,703,123,84,
CN,020-/-6/,1725,689,137,89,
CB,020-/-6/,1501,677,66,85,
CM,020-/-6/,11077,6203,451,1177,
CL,020-/-6/,9581,5180,375,982,
CT,020-/-6/,28323,15643,1740,2329,
CE,020-/-6/,83,9,4,4,
VC,020-/-6/,7443,3698,492,672,
EX,020-/-6/,2116,817,96,258,
GA,020-/-6/,6331,1968,253,204,
MD,020-/-6/,47763,31109,2958,5371,
ML,020-/-6/,92,40,3,2,
MC,020-/-6/,1259,500,84,78,
NC,020-/-6/,3355,1488,124,202,
PV,020-/-6/,8974,4856,417,586,
RI,020-/-6/,2846,918,66,160,
AN,020-/-7/,8973,4463,520,605,
AR,020-/-7/,3549,1716,204,349,
AS,020-/-7/,1729,747,97,107,
IB,020-/-7/,1412,729,128,89,
CN,020-/-7/,1762,703,138,91,
CB,020-/-7/,1572,700,69,92,
CM,020-/-7/,11788,6449,454,1255,
CL,020-/-7/,10058,5322,386,1028,
CT,020-/-7/,29647,16235,1829,2462,
CE,020-/-7/,84,9,4,4,
VC,020-/-7/,7655,3713,496,724,
EX,020-/-7/,2184,852,98,271,
GA,020-/-7/,6538,2014,256,213,
MD,020-/-7/,49160,31554,3002,5586,
ML,020-/-7/,93,40,3,2,
MC,020-/-7/,1297,515,86,85,
NC,020-/-7/,3467,1526,124,206,
PV,020-/-7/,9392,4982,430,635,
RI,020-/-7/,2951,955,68,177,
AN,020-/-8/,9234,4599,538,652,
AR,020-/-8/,3685,1765,210,385,
AS,020-/-8/,1774,775,100,113,
IB,020-/-8/,1448,749,131,89,
CN,020-/-8/,1834,730,140,92,
CB,020-/-8/,1619,720,71,98,
CM,020-/-8/,12489,6622,460,1322,
CL,020-/-8/,10518,5523,399,1082,
CT,020-/-8/,31043,16970,1946,2667,
CE,020-/-8/,84,9,4,4,
VC,020-/-8/,7964,3815,541,767,
EX,020-/-8/,2273,958,99,283,
GA,020-/-8/,6758,2094,260,231,
MD,020-/-8/,50580,32487,3038,5800,
ML,020-/-8/,93,40,3,2,
MC,020-/-8/,1322,533,87,88,
NC,020-/-8/,3575,1526,124,214,
PV,020-/-8/,9740,5130,433,689,
RI,020-/-8/,3026,997,69,182,
AN,020-/-9/,9482,4715,582,691,
AR,020-/-9/,3831,1822,212,409,
AS,020-/-9/,1822,797,100,129,
IB,020-/-9/,1488,775,135,97,
CN,020-/-9/,1858,738,141,94,
CB,020-/-9/,1659,747,73,102,
CM,020-/-9/,13063,6803,466,1431,
CL,020-/-9/,11102,5674,407,1129,
CT,020-/-9/,31824,17780,1966,2787,
CE,020-/-9/,91,9,4,4,
VC,020-/-9/,8331,3987,561,796,
EX,020-/-9/,2332,1003,101,288,
GA,020-/-9/,6946,2165,263,243,
MD,020-/-9/,51535,33278,3061,5972,
ML,020-/-9/,95,41,3,2,
MC,020-/-9/,1338,533,88,90,
NC,020-/-9/,3748,1620,124,218,
PV,020-/-9/,9992,5290,442,729,
RI,020-/-9/,3076,1047,71,196,
AN,2020-04-10T00:00:00Z,9682,4808,602,737,
AR,2020-04-10T00:00:00Z,3969,1860,215,425,
AS,2020-04-10T00:00:00Z,1865,831,101,134,
IB,2020-04-10T00:00:00Z,1507,776,136,102,
CN,2020-04-10T00:00:00Z,1887,745,144,95,
CB,2020-04-10T00:00:00Z,1719,773,75,107,
CM,2020-04-10T00:00:00Z,13456,6907,470,1483,
CL,2020-04-10T00:00:00Z,11543,5817,414,1180,
CT,2020-04-10T00:00:00Z,32984,18194,1989,2877,
CE,2020-04-10T00:00:00Z,93,9,4,4,
VC,2020-04-10T00:00:00Z,8578,4132,565,818,
EX,2020-04-10T00:00:00Z,2486,1052,104,303,
GA,2020-04-10T00:00:00Z,7176,2215,264,261,
MD,2020-04-10T00:00:00Z,52400,33986,3091,6084,
ML,2020-04-10T00:00:00Z,98,43,3,2,
MC,2020-04-10T00:00:00Z,1371,533,88,94,
NC,2020-04-10T00:00:00Z,3817,1641,124,227,
PV,2020-04-10T00:00:00Z,10313,5402,453,765,
RI,2020-04-10T00:00:00Z,3223,1082,73,207,
AN,2020-04-11T00:00:00Z,9976,4950,619,799,
AR,2020-04-11T00:00:00Z,4070,1901,221,450,
AS,2020-04-11T00:00:00Z,1949,863,102,150,
IB,2020-04-11T00:00:00Z,1534,803,141,112,
CN,2020-04-11T00:00:00Z,1918,758,144,95,
CB,2020-04-11T00:00:00Z,1752,805,75,110,
CM,2020-04-11T00:00:00Z,13698,7040,473,1543,
CL,2020-04-11T00:00:00Z,12118,5957,418,1221,
CT,2020-04-11T00:00:00Z,34027,18772,2018,2975,
CE,2020-04-11T00:00:00Z,93,9,4,4,
VC,2020-04-11T00:00:00Z,8841,4149,567,838,
EX,2020-04-11T00:00:00Z,2580,1074,106,312,
GA,2020-04-11T00:00:00Z,7336,2306,267,274,
MD,2020-04-11T00:00:00Z,52944,34545,3105,6278,
ML,2020-04-11T00:00:00Z,98,43,3,2,
MC,2020-04-11T00:00:00Z,1380,537,91,97,
NC,2020-04-11T00:00:00Z,3969,1663,124,232,
PV,2020-04-11T00:00:00Z,10514,5547,459,804,
RI,2020-04-11T00:00:00Z,3279,1122,73,219,
AN,2020-04-12T00:00:00Z,10062,4993,621,815,
AR,2020-04-12T00:00:00Z,4187,1938,223,464,
AS,2020-04-12T00:00:00Z,2001,884,105,157,
IB,2020-04-12T00:00:00Z,1550,809,142,117,
CN,2020-04-12T00:00:00Z,1944,763,145,96,
CB,2020-04-12T00:00:00Z,1777,827,75,117,
CM,2020-04-12T00:00:00Z,14054,7782,475,1626,
CL,2020-04-12T00:00:00Z,12628,6077,423,1263,
CT,2020-04-12T00:00:00Z,34726,18963,2084,3105,
CE,2020-04-12T00:00:00Z,95,9,4,4,
VC,2020-04-12T00:00:00Z,9060,4269,576,876,
EX,2020-04-12T00:00:00Z,2658,1096,107,321,
GA,2020-04-12T00:00:00Z,7494,2344,275,284,
MD,2020-04-12T00:00:00Z,53285,35053,3122,6423,
ML,2020-04-12T00:00:00Z,101,43,3,2,
MC,2020-04-12T00:00:00Z,1387,543,94,101,
NC,2020-04-12T00:00:00Z,4092,1693,124,239,
PV,2020-04-12T00:00:00Z,10674,5622,464,831,
RI,2020-04-12T00:00:00Z,3358,1141,73,223,
AN,2020-04-13T00:00:00Z,10169,5054,631,836,
AR,2020-04-13T00:00:00Z,4245,1966,229,492,
AS,2020-04-13T00:00:00Z,2030,902,109,165,
IB,2020-04-13T00:00:00Z,1571,824,144,118,
CN,2020-04-13T00:00:00Z,1958,771,147,102,
CB,2020-04-13T00:00:00Z,1796,853,76,120,
CM,2020-04-13T00:00:00Z,14329,7830,486,1714,
CL,2020-04-13T00:00:00Z,13180,6175,432,1299,
CT,2020-04-13T00:00:00Z,35197,19224,2102,3201,
CE,2020-04-13T00:00:00Z,96,9,4,4,
VC,2020-04-13T00:00:00Z,9213,4397,581,907,
EX,2020-04-13T00:00:00Z,2684,1114,107,334,
GA,2020-04-13T00:00:00Z,7597,2403,280,290,
MD,2020-04-13T00:00:00Z,54287,35400,3153,6568,
ML,2020-04-13T00:00:00Z,101,43,3,2,
MC,2020-04-13T00:00:00Z,1393,566,96,106,
NC,2020-04-13T00:00:00Z,4150,1705,124,249,
PV,2020-04-13T00:00:00Z,10845,5679,470,859,
RI,2020-04-13T00:00:00Z,3420,1152,74,234,
AN,2020-04-14T00:00:00Z,10392,5147,665,865,
AR,2020-04-14T00:00:00Z,4338,2006,231,514,
AS,2020-04-14T00:00:00Z,2089,914,111,172,
IB,2020-04-14T00:00:00Z,1605,854,147,125,
CN,2020-04-14T00:00:00Z,1975,781,152,104,
CB,2020-04-14T00:00:00Z,1823,873,76,132,
CM,2020-04-14T00:00:00Z,14680,7896,495,1755,
CL,2020-04-14T00:00:00Z,13697,6306,440,1337,
CT,2020-04-14T00:00:00Z,36505,20264,2189,3453,
CE,2020-04-14T00:00:00Z,98,9,4,4,
VC,2020-04-14T00:00:00Z,9424,4465,588,945,
EX,2020-04-14T00:00:00Z,2762,1155,107,342,
GA,2020-04-14T00:00:00Z,7708,2471,282,299,
MD,2020-04-14T00:00:00Z,55398,35688,3180,6724,
ML,2020-04-14T00:00:00Z,102,43,3,2,
MC,2020-04-14T00:00:00Z,1400,574,97,109,
NC,2020-04-14T00:00:00Z,4246,1731,124,252,
PV,2020-04-14T00:00:00Z,11014,5750,471,902,
RI,2020-04-14T00:00:00Z,3457,1182,75,246,
AN,2020-04-15T00:00:00Z,10557,5226,671,912,
AR,2020-04-15T00:00:00Z,4411,2108,235,543,
AS,2020-04-15T00:00:00Z,2110,927,112,176,
IB,2020-04-15T00:00:00Z,1636,869,150,131,
CN,2020-04-15T00:00:00Z,1988,802,156,107,
CB,2020-04-15T00:00:00Z,1845,890,77,137,
CM,2020-04-15T00:00:00Z,15151,7987,503,1796,
CL,2020-04-15T00:00:00Z,14380,6449,445,1372,
CT,2020-04-15T00:00:00Z,37354,20553,2252,3618,
CE,2020-04-15T00:00:00Z,98,9,4,4,
VC,2020-04-15T00:00:00Z,9615,4524,625,972,
EX,2020-04-15T00:00:00Z,2581,1186,107,359,
GA,2020-04-15T00:00:00Z,7873,2494,282,310,
MD,2020-04-15T00:00:00Z,56304,36251,3203,6877,
ML,2020-04-15T00:00:00Z,103,43,3,2,
MC,2020-04-15T00:00:00Z,1416,575,97,111,
NC,2020-04-15T00:00:00Z,4348,1752,124,261,
PV,2020-04-15T00:00:00Z,11203,5863,478,956,
RI,2020-04-15T00:00:00Z,3539,1207,75,257,
AN,2020-04-16T00:00:00Z,10635,5298,675,940,
AR,2020-04-16T00:00:00Z,4489,2151,235,562,
AS,2020-04-16T00:00:00Z,2163,966,113,186,
IB,2020-04-16T00:00:00Z,1667,902,150,134,
CN,2020-04-16T00:00:00Z,2009,811,159,111,
CB,2020-04-16T00:00:00Z,1884,903,78,144,
CM,2020-04-16T00:00:00Z,15997,8018,511,1852,
CL,2020-04-16T00:00:00Z,14903,6518,449,1401,
CT,2020-04-16T00:00:00Z,38316,21242,2305,3752,
CE,2020-04-16T00:00:00Z,98,9,4,4,
VC,2020-04-16T00:00:00Z,9486,4605,632,999,
EX,2020-04-16T00:00:00Z,2656,1212,107,372,
GA,2020-04-16T00:00:00Z,8013,2535,290,320,
MD,2020-04-16T00:00:00Z,57157,36851,3214,7007,
ML,2020-04-16T00:00:00Z,104,44,3,2,
MC,2020-04-16T00:00:00Z,1424,585,99,112,
NC,2020-04-16T00:00:00Z,4433,1781,124,338,
PV,2020-04-16T00:00:00Z,11403,5939,484,992,
RI,2020-04-16T00:00:00Z,3547,1226,76,262,
AN,2020-04-17T00:00:00Z,10734,5341,677,967,
AR,2020-04-17T00:00:00Z,4551,2180,237,601,
AS,2020-04-17T00:00:00Z,2186,980,113,190,
IB,2020-04-17T00:00:00Z,1723,934,155,148,
CN,2020-04-17T00:00:00Z,2035,822,160,115,
CB,2020-04-17T00:00:00Z,1990,911,78,149,
CM,2020-04-17T00:00:00Z,16349,8093,514,1913,
CL,2020-04-17T00:00:00Z,15293,6831,495,1429,
CT,2020-04-17T00:00:00Z,39943,22013,2349,3879,
CE,2020-04-17T00:00:00Z,100,9,4,4,
VC,2020-04-17T00:00:00Z,9584,4708,636,1042,
EX,2020-04-17T00:00:00Z,2663,1240,107,380,
GA,2020-04-17T00:00:00Z,8084,2554,291,334,
MD,2020-04-17T00:00:00Z,57978,37248,3228,7132,
ML,2020-04-17T00:00:00Z,104,44,3,2,
MC,2020-04-17T00:00:00Z,1430,611,102,115,
NC,2020-04-17T00:00:00Z,4349,1829,127,354,
PV,2020-04-17T00:00:00Z,11553,6030,490,1020,
RI,2020-04-17T00:00:00Z,3583,1249,78,272,
AN,2020-04-18T00:00:00Z,10898,5424,687,993,
AR,2020-04-18T00:00:00Z,4608,2216,240,619,
AS,2020-04-18T00:00:00Z,2203,988,114,197,
IB,2020-04-18T00:00:00Z,1739,952,158,155,
CN,2020-04-18T00:00:00Z,2047,825,162,119,
CB,2020-04-18T00:00:00Z,1949,924,78,153,
CM,2020-04-18T00:00:00Z,14588,8137,518,1963,
CL,2020-04-18T00:00:00Z,14644,6981,498,1458,
CT,2020-04-18T00:00:00Z,40448,22235,2395,3933,
CE,2020-04-18T00:00:00Z,100,9,4,4,
VC,2020-04-18T00:00:00Z,9657,4781,643,1065,
EX,2020-04-18T00:00:00Z,2673,1278,107,384,
GA,2020-04-18T00:00:00Z,8185,2590,294,346,
MD,2020-04-18T00:00:00Z,58466,37626,3238,7239,
ML,2020-04-18T00:00:00Z,104,44,3,2,
MC,2020-04-18T00:00:00Z,1438,612,102,116,
NC,2020-04-18T00:00:00Z,4413,1843,127,369,
PV,2020-04-18T00:00:00Z,11731,6086,499,1062,
RI,2020-04-18T00:00:00Z,3636,1268,79,277,
AN,2020-04-19T00:00:00Z,10991,5473,690,1013,
AR,2020-04-19T00:00:00Z,4654,2244,242,637,
AS,2020-04-19T00:00:00Z,2213,993,115,199,
IB,2020-04-19T00:00:00Z,1748,960,159,157,
CN,2020-04-19T00:00:00Z,2067,826,163,119,
CB,2020-04-19T00:00:00Z,1973,934,78,158,
CM,2020-04-19T00:00:00Z,14725,8173,531,2021,
CL,2020-04-19T00:00:00Z,14781,7080,501,1493,
CT,2020-04-19T00:00:00Z,41676,22375,2409,4009,
CE,2020-04-19T00:00:00Z,100,9,4,4,
VC,2020-04-19T00:00:00Z,9708,4827,646,1079,
EX,2020-04-19T00:00:00Z,2692,1306,107,389,
GA,2020-04-19T00:00:00Z,8299,2609,296,352,
MD,2020-04-19T00:00:00Z,58673,37970,3248,7351,
ML,2020-04-19T00:00:00Z,104,44,3,2,
MC,2020-04-19T00:00:00Z,1440,612,103,117,
NC,2020-04-19T00:00:00Z,4449,1856,128,385,
PV,2020-04-19T00:00:00Z,11789,6109,501,1081,
RI,2020-04-19T00:00:00Z,3664,1282,79,285,
AN,2020-04-20T00:00:00Z,11095,5509,692,1017,
AR,2020-04-20T00:00:00Z,4684,2271,244,643,
AS,2020-04-20T00:00:00Z,2220,999,116,203,
IB,2020-04-20T00:00:00Z,1766,983,159,161,
CN,2020-04-20T00:00:00Z,2085,837,164,120,
CB,2020-04-20T00:00:00Z,1998,948,78,165,
CM,2020-04-20T00:00:00Z,14936,8199,534,2075,
CL,2020-04-20T00:00:00Z,14951,7174,503,1521,
CT,2020-04-20T00:00:00Z,43112,22796,2437,4152,
CE,2020-04-20T00:00:00Z,100,9,4,4,
VC,2020-04-20T00:00:00Z,9750,4866,648,1089,
EX,2020-04-20T00:00:00Z,2692,1327,107,397,
GA,2020-04-20T00:00:00Z,8468,2652,296,360,
MD,2020-04-20T00:00:00Z,59300,38161,3278,7460,
ML,2020-04-20T00:00:00Z,105,44,3,2,
MC,2020-04-20T00:00:00Z,1445,614,104,120,
NC,2020-04-20T00:00:00Z,4475,1877,128,397,
PV,2020-04-20T00:00:00Z,11843,6141,507,1103,
RI,2020-04-20T00:00:00Z,3684,1297,81,294,
AN,2020-04-21T00:00:00Z,11225,5565,696,1050,
AR,2020-04-21T00:00:00Z,4761,2304,246,656,
AS,2020-04-21T00:00:00Z,2230,1007,116,211,
IB,2020-04-21T00:00:00Z,1786,1001,163,164,
CN,2020-04-21T00:00:00Z,2094,841,164,121,
CB,2020-04-21T00:00:00Z,2012,956,78,167,
CM,2020-04-21T00:00:00Z,15053,8243,537,2140,
CL,2020-04-21T00:00:00Z,15141,7264,505,1554,
CT,2020-04-21T00:00:00Z,43802,23295,2460,4247,
CE,2020-04-21T00:00:00Z,100,9,4,4,
VC,2020-04-21T00:00:00Z,9825,4896,649,1106,
EX,2020-04-21T00:00:00Z,2692,1349,107,404,
GA,2020-04-21T00:00:00Z,8634,2674,297,368,
MD,2020-04-21T00:00:00Z,59950,38328,3283,7577,
ML,2020-04-21T00:00:00Z,105,44,3,2,
MC,2020-04-21T00:00:00Z,1455,622,104,123,
NC,2020-04-21T00:00:00Z,4531,1894,128,401,
PV,2020-04-21T00:00:00Z,11974,6201,513,1124,
RI,2020-04-21T00:00:00Z,3704,1318,81,298,
AN,2020-04-22T00:00:00Z,11358,5616,702,1079,
AR,2020-04-22T00:00:00Z,4833,2340,247,681,
AS,2020-04-22T00:00:00Z,2241,1009,116,222,
IB,2020-04-22T00:00:00Z,1805,1018,162,168,
CN,2020-04-22T00:00:00Z,2113,855,169,121,
CB,2020-04-22T00:00:00Z,2023,965,78,173,
CM,2020-04-22T00:00:00Z,15128,8304,546,2188,
CL,2020-04-22T00:00:00Z,15510,7397,508,1582,
CT,2020-04-22T00:00:00Z,44892,23647,2478,4343,
CE,2020-04-22T00:00:00Z,100,9,4,4,
VC,2020-04-22T00:00:00Z,9869,4917,650,1124,
EX,2020-04-22T00:00:00Z,2715,1375,107,407,
GA,2020-04-22T00:00:00Z,8805,2694,298,375,
MD,2020-04-22T00:00:00Z,60657,38620,3288,7684,
ML,2020-04-22T00:00:00Z,106,44,3,2,
MC,2020-04-22T00:00:00Z,1460,624,104,124,
NC,2020-04-22T00:00:00Z,4577,1907,129,409,
PV,2020-04-22T00:00:00Z,12094,6260,516,1167,
RI,2020-04-22T00:00:00Z,3741,1331,82,303,
AN,2020-04-23T00:00:00Z,11486,5675,714,1107,
AR,2020-04-23T00:00:00Z,4867,2359,248,695,
AS,2020-04-23T00:00:00Z,2245,1012,117,228,
IB,2020-04-23T00:00:00Z,1819,1036,162,172,
CN,2020-04-23T00:00:00Z,2140,868,169,128,
CB,2020-04-23T00:00:00Z,2055,978,78,178,
CM,2020-04-23T00:00:00Z,15365,8342,553,2255,
CL,2020-04-23T00:00:00Z,15692,7506,510,1612,
CT,2020-04-23T00:00:00Z,45544,24130,2569,4393,
CE,2020-04-23T00:00:00Z,100,10,4,4,
VC,2020-04-23T00:00:00Z,9939,4945,651,1147,
EX,2020-04-23T00:00:00Z,2718,1413,107,411,
GA,2020-04-23T00:00:00Z,8932,2707,301,382,
MD,2020-04-23T00:00:00Z,61099,38837,3305,7765,
ML,2020-04-23T00:00:00Z,107,44,3,2,
MC,2020-04-23T00:00:00Z,1468,625,105,125,
NC,2020-04-23T00:00:00Z,4581,1915,129,417,
PV,2020-04-23T00:00:00Z,12204,6315,518,1193,
RI,2020-04-23T00:00:00Z,3790,1344,82,307,
AN,2020-04-24T00:00:00Z,11645,5715,716,1131,
AR,2020-04-24T00:00:00Z,4922,2372,249,709,
AS,2020-04-24T00:00:00Z,2249,1020,117,235,
IB,2020-04-24T00:00:00Z,1845,1053,162,174,
CN,2020-04-24T00:00:00Z,2155,878,171,130,
CB,2020-04-24T00:00:00Z,2071,982,78,182,
CM,2020-04-24T00:00:00Z,15509,8385,559,2292,
CL,2020-04-24T00:00:00Z,15990,7555,511,1639,
CT,2020-04-24T00:00:00Z,46261,24420,2576,4498,
CE,2020-04-24T00:00:00Z,100,10,4,4,
VC,2020-04-24T00:00:00Z,10066,4978,653,1172,
EX,2020-04-24T00:00:00Z,2718,1447,107,416,
GA,2020-04-24T00:00:00Z,9116,2717,302,388,
MD,2020-04-24T00:00:00Z,61619,39064,3307,7848,
ML,2020-04-24T00:00:00Z,108,44,3,2,
MC,2020-04-24T00:00:00Z,1468,625,105,126,
NC,2020-04-24T00:00:00Z,4627,1937,129,429,
PV,2020-04-24T00:00:00Z,12366,6375,525,1212,
RI,2020-04-24T00:00:00Z,3821,1360,83,311,
AN,2020-04-25T00:00:00Z,11712,5747,716,1145,
AR,2020-04-25T00:00:00Z,4955,2395,251,712,
AS,2020-04-25T00:00:00Z,2261,1022,117,243,
IB,2020-04-25T00:00:00Z,1852,1057,162,175,
CN,2020-04-25T00:00:00Z,2167,880,171,131,
CB,2020-04-25T00:00:00Z,2083,991,78,183,
CM,2020-04-25T00:00:00Z,15609,8417,565,2330,
CL,2020-04-25T00:00:00Z,16222,7653,515,1666,
CT,2020-04-25T00:00:00Z,46811,25665,2583,4566,
CE,2020-04-25T00:00:00Z,100,10,4,4,
VC,2020-04-25T00:00:00Z,10160,5013,654,1186,
EX,2020-04-25T00:00:00Z,2736,1480,107,422,
GA,2020-04-25T00:00:00Z,9176,2724,303,394,
MD,2020-04-25T00:00:00Z,61855,39217,3308,7922,
ML,2020-04-25T00:00:00Z,110,44,3,2,
MC,2020-04-25T00:00:00Z,1474,627,106,127,
NC,2020-04-25T00:00:00Z,4712,1942,129,431,
PV,2020-04-25T00:00:00Z,12455,6426,533,1230,
RI,2020-04-25T00:00:00Z,3861,1380,84,315,
AN,2020-04-26T00:00:00Z,11787,5767,720,1157,
AR,2020-04-26T00:00:00Z,4985,2403,251,726,
AS,2020-04-26T00:00:00Z,2263,1028,117,248,
IB,2020-04-26T00:00:00Z,1857,1057,162,179,
CN,2020-04-26T00:00:00Z,2178,881,171,131,
CB,2020-04-26T00:00:00Z,2104,995,78,186,
CM,2020-04-26T00:00:00Z,15664,8444,579,2365,
CL,2020-04-26T00:00:00Z,16404,7703,518,1690,
CT,2020-04-26T00:00:00Z,47755,25799,2724,4699,
CE,2020-04-26T00:00:00Z,100,10,4,4,
VC,2020-04-26T00:00:00Z,10180,5032,656,1189,
EX,2020-04-26T00:00:00Z,2749,1490,107,428,
GA,2020-04-26T00:00:00Z,9238,2728,304,405,
MD,2020-04-26T00:00:00Z,61985,39350,3309,7986,
ML,2020-04-26T00:00:00Z,110,44,3,2,
MC,2020-04-26T00:00:00Z,1474,627,106,128,
NC,2020-04-26T00:00:00Z,4733,1942,130,432,
PV,2020-04-26T00:00:00Z,12513,6457,538,1241,
RI,2020-04-26T00:00:00Z,3892,1392,85,320,
AN,2020-04-27T00:00:00Z,11836,5792,721,1168,
AR,2020-04-27T00:00:00Z,5004,2425,252,735,
AS,2020-04-27T00:00:00Z,2269,1035,117,252,
IB,2020-04-27T00:00:00Z,1868,1069,162,181,
CN,2020-04-27T00:00:00Z,2187,900,174,133,
CB,2020-04-27T00:00:00Z,2115,1000,78,188,
CM,2020-04-27T00:00:00Z,15706,8464,584,2396,
CL,2020-04-27T00:00:00Z,16589,7777,522,1710,
CT,2020-04-27T00:00:00Z,48158,26230,2750,4808,
CE,2020-04-27T00:00:00Z,100,10,4,4,
VC,2020-04-27T00:00:00Z,10204,5046,659,1200,
EX,2020-04-27T00:00:00Z,2751,1505,107,433,
GA,2020-04-27T00:00:00Z,9328,2734,305,412,
MD,2020-04-27T00:00:00Z,62579,39423,3338,8048,
ML,2020-04-27T00:00:00Z,114,44,3,2,
MC,2020-04-27T00:00:00Z,1475,629,106,130,
NC,2020-04-27T00:00:00Z,4759,1945,130,432,
PV,2020-04-27T00:00:00Z,12564,6482,539,1255,
RI,2020-04-27T00:00:00Z,3897,1400,87,326,
AN,2020-04-28T00:00:00Z,11917,5831,721,1188,
AR,2020-04-28T00:00:00Z,5042,2454,252,736,
AS,2020-04-28T00:00:00Z,2284,1041,117,259,
IB,2020-04-28T00:00:00Z,1877,1074,162,185,
CN,2020-04-28T00:00:00Z,2202,906,175,134,
CB,2020-04-28T00:00:00Z,2146,1006,79,191,
CM,2020-04-28T00:00:00Z,15785,8523,588,2436,
CL,2020-04-28T00:00:00Z,16690,7854,524,1736,
CT,2020-04-28T00:00:00Z,48654,26546,2768,4905,
CE,2020-04-28T00:00:00Z,101,10,4,4,
VC,2020-04-28T00:00:00Z,10236,5072,662,1218,
EX,2020-04-28T00:00:00Z,2764,1526,107,440,
GA,2020-04-28T00:00:00Z,8693,2736,308,551,
MD,2020-04-28T00:00:00Z,63079,39850,3355,8105,
ML,2020-04-28T00:00:00Z,114,44,3,2,
MC,2020-04-28T00:00:00Z,1480,635,106,130,
NC,2020-04-28T00:00:00Z,4794,1951,130,448,
PV,2020-04-28T00:00:00Z,12619,6522,540,1274,
RI,2020-04-28T00:00:00Z,3910,1413,87,330,
AN,2020-04-29T00:00:00Z,11949,5873,721,1207,
AR,2020-04-29T00:00:00Z,5091,2477,252,739,
AS,2020-04-29T00:00:00Z,2295,1047,117,263,
IB,2020-04-29T00:00:00Z,1881,1077,163,188,
CN,2020-04-29T00:00:00Z,2205,909,175,135,
CB,2020-04-29T00:00:00Z,2173,1007,79,191,
CM,2020-04-29T00:00:00Z,15832,8567,592,2463,
CL,2020-04-29T00:00:00Z,16885,7957,528,1752,
CT,2020-04-29T00:00:00Z,48916,26763,2784,4975,
CE,2020-04-29T00:00:00Z,101,10,4,4,
VC,2020-04-29T00:00:00Z,10331,5096,663,1236,
EX,2020-04-29T00:00:00Z,2785,1550,108,446,
GA,2020-04-29T00:00:00Z,8731,2747,310,551,
MD,2020-04-29T00:00:00Z,63454,40076,3377,8176,
ML,2020-04-29T00:00:00Z,114,44,3,2,
MC,2020-04-29T00:00:00Z,1486,637,108,130,
NC,2020-04-29T00:00:00Z,4815,1965,132,451,
PV,2020-04-29T00:00:00Z,12701,6561,541,1296,
RI,2020-04-29T00:00:00Z,3918,1424,88,332,
AN,2020-04-30T00:00:00Z,12061,5935,729,1238,
AR,2020-04-30T00:00:00Z,5116,2494,253,749,
AS,2020-04-30T00:00:00Z,2310,1048,118,264,
IB,2020-04-30T00:00:00Z,1892,1085,163,193,
CN,2020-04-30T00:00:00Z,2206,914,175,136,
CB,2020-04-30T00:00:00Z,2184,1009,79,192,
CM,2020-04-30T00:00:00Z,15910,8618,596,2498,
CL,2020-04-30T00:00:00Z,16993,8010,531,1770,
CT,2020-04-30T00:00:00Z,49307,26932,2795,5061,
CE,2020-04-30T00:00:00Z,101,10,4,4,
VC,2020-04-30T00:00:00Z,10347,5126,694,1245,
EX,2020-04-30T00:00:00Z,2811,1565,108,451,
GA,2020-04-30T00:00:00Z,8769,2759,313,558,
MD,2020-04-30T00:00:00Z,63747,40293,3392,8222,
ML,2020-04-30T00:00:00Z,115,44,3,2,
MC,2020-04-30T00:00:00Z,1488,638,109,132,
NC,2020-04-30T00:00:00Z,4848,1977,132,458,
PV,2020-04-30T00:00:00Z,12824,6607,544,1312,
RI,2020-04-30T00:00:00Z,3936,1433,88,333,
AN,020-/-1/,12105,5961,735,1253,
AR,020-/-1/,5136,2503,253,761,
AS,020-/-1/,2311,1052,120,270,
IB,020-/-1/,1898,1089,163,197,
CN,020-/-1/,2212,918,175,140,
CB,020-/-1/,2201,1009,79,193,
CM,020-/-1/,15967,8645,601,2534,
CL,020-/-1/,17165,8054,531,1788,
CT,020-/-1/,49850,27049,2811,5137,
CE,020-/-1/,101,10,4,4,
VC,020-/-1/,10552,5153,695,1258,
EX,020-/-1/,2824,1592,108,458,
GA,020-/-1/,8804,2769,313,563,
MD,020-/-1/,63928,40457,3404,8292,
ML,020-/-1/,115,44,3,2,
MC,020-/-1/,1491,639,110,132,
NC,020-/-1/,4888,1979,132,460,
PV,020-/-1/,12899,6659,551,1321,
RI,020-/-1/,3947,1439,88,334,
AN,020-/-2/,12139,5961,736,1256,
AR,020-/-2/,5164,2519,253,761,
AS,020-/-2/,2313,1055,120,270,
IB,020-/-2/,1904,1094,163,197,
CN,020-/-2/,2221,919,175,140,
CB,020-/-2/,2205,1010,79,195,
CM,020-/-2/,16017,8676,604,2565,
CL,020-/-2/,17283,8085,533,1800,
CT,020-/-2/,50234,27257,2844,5185,
CE,020-/-2/,101,10,4,4,
VC,020-/-2/,10563,5181,698,1264,
EX,020-/-2/,2844,1603,108,460,
GA,020-/-2/,8837,2774,315,569,
MD,020-/-2/,64045,40597,3421,8332,
ML,020-/-2/,117,44,3,2,
MC,020-/-2/,1492,641,110,134,
NC,020-/-2/,4902,1986,133,462,
PV,020-/-2/,12944,6692,553,1329,
RI,020-/-2/,3952,1446,88,335,
AN,020-/-3/,12156,5973,738,1263,
AR,020-/-3/,5188,2526,253,762,
AS,020-/-3/,2315,1057,120,274,
IB,020-/-3/,1904,1097,163,197,
CN,020-/-3/,2225,919,175,141,
CB,020-/-3/,2206,1011,79,197,
CM,020-/-3/,16050,8698,606,2590,
CL,020-/-3/,17334,8123,534,1818,
CT,020-/-3/,50366,27321,2847,5220,
CE,020-/-3/,101,10,4,4,
VC,020-/-3/,10575,5204,700,1269,
EX,020-/-3/,2849,1618,108,460,
GA,020-/-3/,8859,2782,315,575,
MD,020-/-3/,64157,40741,3431,8376,
ML,020-/-3/,119,44,3,2,
MC,020-/-3/,1492,645,110,134,
NC,020-/-3/,4918,1990,133,466,
PV,020-/-3/,12956,6719,554,1341,
RI,020-/-3/,3961,1449,88,335,
AN,020-/-4/,12167,5983,738,1267,
AR,020-/-4/,5207,2539,253,770,
AS,020-/-4/,2316,1061,120,275,
IB,020-/-4/,1906,1105,164,198,
CN,020-/-4/,2231,920,176,142,
CB,020-/-4/,2207,1015,79,198,
CM,020-/-4/,16080,8725,609,2616,
CL,020-/-4/,17429,8153,537,1832,
CT,020-/-4/,50771,27745,2856,5270,
CE,020-/-4/,101,10,4,4,
VC,020-/-4/,10617,5214,701,1279,
EX,020-/-4/,2852,1629,108,462,
GA,020-/-4/,8881,2792,317,579,
MD,020-/-4/,64489,40851,3442,8420,
ML,020-/-4/,119,44,3,2,
MC,020-/-4/,1496,650,111,136,
NC,020-/-4/,4936,1995,134,471,
PV,020-/-4/,12987,6736,556,1353,
RI,020-/-4/,3967,1452,90,336,
AN,020-/-5/,12190,6012,740,1281,
AR,020-/-5/,5231,2552,253,788,
AS,020-/-5/,2322,1068,120,278,
IB,020-/-5/,1917,1117,164,199,
CN,020-/-5/,2231,920,176,143,
CB,020-/-5/,2213,1018,79,199,
CM,020-/-5/,16144,8765,612,2647,
CL,020-/-5/,17520,8246,538,1847,
CT,020-/-5/,50924,28085,2871,5345,
CE,020-/-5/,109,10,4,4,
VC,020-/-5/,10659,5225,701,1291,
EX,020-/-5/,2865,1650,108,463,
GA,020-/-5/,8901,2811,319,588,
MD,020-/-5/,64820,41031,3465,8466,
ML,020-/-5/,119,44,3,2,
MC,020-/-5/,1498,650,111,136,
NC,020-/-5/,4966,2005,135,476,
PV,020-/-5/,13021,6781,559,1364,
RI,020-/-5/,3980,1458,91,337,
AN,020-/-6/,12222,6027,742,1294,
AR,020-/-6/,5258,2564,255,800,
AS,020-/-6/,2330,1072,121,279,
IB,020-/-6/,1925,1121,164,201,
CN,020-/-6/,2235,921,176,144,
CB,020-/-6/,2220,1020,79,200,
CM,020-/-6/,16184,8796,613,2677,
CL,020-/-6/,17625,8300,541,1864,
CT,020-/-6/,51190,28248,2891,5394,
CE,020-/-6/,109,10,4,4,
VC,020-/-6/,10694,5252,704,1303,
EX,020-/-6/,2877,1664,108,467,
GA,020-/-6/,8919,2833,320,591,
MD,020-/-6/,65093,41159,3485,8504,
ML,020-/-6/,119,44,3,2,
MC,020-/-6/,1501,652,111,137,
NC,020-/-6/,4983,2015,135,480,
PV,020-/-6/,13054,6797,561,1383,
RI,020-/-6/,3986,1463,91,338,
AN,020-/-7/,12239,6038,742,1301,
AR,020-/-7/,5274,2578,255,815,
AS,020-/-7/,2338,1076,121,280,
IB,020-/-7/,1931,1121,164,202,
CN,020-/-7/,2240,927,176,148,
CB,020-/-7/,2232,1022,79,201,
CM,020-/-7/,16237,8828,617,2713,
CL,020-/-7/,17716,8357,543,1876,
CT,020-/-7/,51733,28608,2949,5471,
CE,020-/-7/,109,11,4,4,
VC,020-/-7/,10725,5287,706,1309,
EX,020-/-7/,2900,1678,109,472,
GA,020-/-7/,8952,2852,321,592,
MD,020-/-7/,65333,41304,3493,8552,
ML,020-/-7/,119,44,3,2,
MC,020-/-7/,1504,659,112,137,
NC,020-/-7/,5006,2015,135,484,
PV,020-/-7/,13104,6818,566,1390,
RI,020-/-7/,3992,1469,91,342,
AN,020-/-8/,12250,6069,745,1317,
AR,020-/-8/,5291,2583,255,823,
AS,020-/-8/,2344,1077,121,280,
IB,020-/-8/,1940,1121,165,207,
CN,020-/-8/,2250,935,178,148,
CB,020-/-8/,2241,1023,79,201,
CM,020-/-8/,16278,8867,621,2738,
CL,020-/-8/,17822,8394,546,1885,
CT,020-/-8/,51935,28687,2950,5507,
CE,020-/-8/,110,11,4,4,
VC,020-/-8/,10760,5317,709,1315,
EX,020-/-8/,2907,1695,109,477,
GA,020-/-8/,8964,2876,323,595,
MD,020-/-8/,65555,41436,3508,8598,
ML,020-/-8/,119,44,3,2,
MC,020-/-8/,1506,662,112,138,
NC,020-/-8/,5039,2021,135,487,
PV,020-/-8/,13161,6865,568,1403,
RI,020-/-8/,4000,1473,91,344,
AN,020-/-9/,12267,6080,745,1320,
AR,020-/-9/,5316,2588,255,824,
AS,020-/-9/,2346,1080,121,283,
IB,020-/-9/,1946,1121,165,209,
CN,020-/-9/,2258,935,178,148,
CB,020-/-9/,2244,1027,79,201,
CM,020-/-9/,16343,8895,623,2759,
CL,020-/-9/,17952,8468,546,1897,
CT,020-/-9/,52162,28784,2951,5532,
CE,020-/-9/,110,11,4,4,
VC,020-/-9/,10770,5354,716,1323,
EX,020-/-9/,2912,1711,109,480,
GA,020-/-9/,8981,2886,325,596,
MD,020-/-9/,65641,41559,3520,8644,
ML,020-/-9/,119,44,3,2,
MC,020-/-9/,1508,662,112,139,
NC,020-/-9/,5052,2023,135,488,
PV,020-/-9/,13193,6902,571,1418,
RI,020-/-9/,4008,1474,91,346,
AN,2020-05-10T00:00:00Z,12285,6092,745,1322,
AR,2020-05-10T00:00:00Z,5336,2595,255,825,
AS,2020-05-10T00:00:00Z,2350,1080,121,288,
IB,2020-05-10T00:00:00Z,1949,1121,165,209,
CN,2020-05-10T00:00:00Z,2260,936,178,149,
CB,2020-05-10T00:00:00Z,2245,1027,79,201,
CM,2020-05-10T00:00:00Z,16387,8918,624,2786,
CL,2020-05-10T00:00:00Z,17995,8482,547,1905,
CT,2020-05-10T00:00:00Z,54807,28820,2952,5555,
CE,2020-05-10T00:00:00Z,110,11,4,4,
VC,2020-05-10T00:00:00Z,10776,5355,716,1330,
EX,2020-05-10T00:00:00Z,2918,1725,109,483,
GA,2020-05-10T00:00:00Z,8999,2902,326,597,
MD,2020-05-10T00:00:00Z,65693,41650,3529,8683,
ML,2020-05-10T00:00:00Z,119,44,3,2,
MC,2020-05-10T00:00:00Z,1517,665,112,139,
NC,2020-05-10T00:00:00Z,5065,2029,135,490,
PV,2020-05-10T00:00:00Z,13203,6922,573,1423,
RI,2020-05-10T00:00:00Z,4008,1475,91,346,
AN,2020-05-11T00:00:00Z,12293,6101,745,1326,
AR,2020-05-11T00:00:00Z,5359,2606,255,828,
AS,2020-05-11T00:00:00Z,2352,1080,121,290,
IB,2020-05-11T00:00:00Z,1949,1122,166,210,
CN,2020-05-11T00:00:00Z,2268,937,178,151,
CB,2020-05-11T00:00:00Z,2246,1027,79,203,
CM,2020-05-11T00:00:00Z,16431,8940,629,2811,
CL,2020-05-11T00:00:00Z,18048,8493,547,1914,
CT,2020-05-11T00:00:00Z,55144,29138,2952,5621,
CE,2020-05-11T00:00:00Z,114,11,4,4,
VC,2020-05-11T00:00:00Z,10793,5360,717,1336,
EX,2020-05-11T00:00:00Z,2919,1737,109,487,
GA,2020-05-11T00:00:00Z,9003,2905,326,598,
MD,2020-05-11T00:00:00Z,65887,41735,3543,8720,
ML,2020-05-11T00:00:00Z,119,44,3,2,
MC,2020-05-11T00:00:00Z,1517,665,112,139,
NC,2020-05-11T00:00:00Z,5081,2039,135,493,
PV,2020-05-11T00:00:00Z,13231,6929,574,1429,
RI,2020-05-11T00:00:00Z,4008,1478,91,347,
AN,2020-05-12T00:00:00Z,12317,6114,750,1332,
AR,2020-05-12T00:00:00Z,5372,2614,255,829,
AS,2020-05-12T00:00:00Z,2356,1080,121,292,
IB,2020-05-12T00:00:00Z,1953,1127,168,215,
CN,2020-05-12T00:00:00Z,2271,937,178,151,
CB,2020-05-12T00:00:00Z,2256,1029,79,205,
CM,2020-05-12T00:00:00Z,16453,8963,632,2835,
CL,2020-05-12T00:00:00Z,18105,8517,547,1919,
CT,2020-05-12T00:00:00Z,55287,29267,2953,5692,
CE,2020-05-12T00:00:00Z,114,11,4,4,
VC,2020-05-12T00:00:00Z,10816,5370,717,1341,
EX,2020-05-12T00:00:00Z,2921,1754,109,489,
GA,2020-05-12T00:00:00Z,9014,2909,327,599,
MD,2020-05-12T00:00:00Z,66106,41856,3555,8760,
ML,2020-05-12T00:00:00Z,119,44,3,2,
MC,2020-05-12T00:00:00Z,1525,666,112,142,
NC,2020-05-12T00:00:00Z,5094,2042,135,494,
PV,2020-05-12T00:00:00Z,13260,6955,575,1442,
RI,2020-05-12T00:00:00Z,4009,1481,91,348,
AN,2020-05-13T00:00:00Z,12359,6128,751,1336,
AR,2020-05-13T00:00:00Z,5389,2625,255,836,
AS,2020-05-13T00:00:00Z,2357,1084,121,293,
IB,2020-05-13T00:00:00Z,1954,1127,168,216,
CN,2020-05-13T00:00:00Z,2275,937,178,151,
CB,2020-05-13T00:00:00Z,2256,1030,79,205,
CM,2020-05-13T00:00:00Z,16470,8980,634,2852,
CL,2020-05-13T00:00:00Z,18173,8560,548,1925,
CT,2020-05-13T00:00:00Z,55313,29305,2954,5823,
CE,2020-05-13T00:00:00Z,116,11,4,4,
VC,2020-05-13T00:00:00Z,10832,5389,717,1349,
EX,2020-05-13T00:00:00Z,2925,1761,109,492,
GA,2020-05-13T00:00:00Z,9030,2915,327,603,
MD,2020-05-13T00:00:00Z,66315,41962,3564,8779,
ML,2020-05-13T00:00:00Z,119,44,3,2,
MC,2020-05-13T00:00:00Z,1532,672,112,142,
NC,2020-05-13T00:00:00Z,5105,2045,135,498,
PV,2020-05-13T00:00:00Z,13303,6994,577,1454,
RI,2020-05-13T00:00:00Z,4014,1484,91,348,
AN,2020-05-14T00:00:00Z,12401,6146,754,1344,
AR,2020-05-14T00:00:00Z,5432,2637,255,837,
AS,2020-05-14T00:00:00Z,2364,1087,121,298,
IB,2020-05-14T00:00:00Z,1963,1132,168,216,
CN,2020-05-14T00:00:00Z,2280,938,178,151,
CB,2020-05-14T00:00:00Z,2263,1031,79,206,
CM,2020-05-14T00:00:00Z,16513,9001,635,2870,
CL,2020-05-14T00:00:00Z,18272,8595,548,1930,
CT,2020-05-14T00:00:00Z,55562,29339,2955,5882,
CE,2020-05-14T00:00:00Z,116,11,4,4,
VC,2020-05-14T00:00:00Z,10859,5415,721,1358,
EX,2020-05-14T00:00:00Z,2933,1772,109,494,
GA,2020-05-14T00:00:00Z,9036,2921,332,603,
MD,2020-05-14T00:00:00Z,66523,42057,3574,8809,
ML,2020-05-14T00:00:00Z,119,44,3,2,
MC,2020-05-14T00:00:00Z,1534,675,112,143,
NC,2020-05-14T00:00:00Z,5116,2045,136,500,
PV,2020-05-14T00:00:00Z,13332,7009,578,1454,
RI,2020-05-14T00:00:00Z,4016,1488,91,348,
AN,2020-05-15T00:00:00Z,12420,6161,758,1355,
AR,2020-05-15T00:00:00Z,5456,2648,255,838,
AS,2020-05-15T00:00:00Z,2366,1087,121,299,
IB,2020-05-15T00:00:00Z,1980,1132,168,216,
CN,2020-05-15T00:00:00Z,2284,939,178,151,
CB,2020-05-15T00:00:00Z,2265,1032,79,206,
CM,2020-05-15T00:00:00Z,16587,9027,636,2883,
CL,2020-05-15T00:00:00Z,18369,8649,549,1940,
CT,2020-05-15T00:00:00Z,55685,29339,2956,5915,
CE,2020-05-15T00:00:00Z,116,11,4,4,
VC,2020-05-15T00:00:00Z,10885,5435,722,1365,
EX,2020-05-15T00:00:00Z,2944,1772,109,497,
GA,2020-05-15T00:00:00Z,9041,2923,332,604,
MD,2020-05-15T00:00:00Z,66639,42157,3577,8826,
ML,2020-05-15T00:00:00Z,119,44,3,2,
MC,2020-05-15T00:00:00Z,1542,676,112,144,
NC,2020-05-15T00:00:00Z,5137,2045,136,501,
PV,2020-05-15T00:00:00Z,13348,7011,578,1455,
RI,2020-05-15T00:00:00Z,4020,1490,91,348,
AN,2020-05-16T00:00:00Z,12450,6174,760,1358,
AR,2020-05-16T00:00:00Z,5478,2655,255,838,
AS,2020-05-16T00:00:00Z,2366,1087,121,299,
IB,2020-05-16T00:00:00Z,1989,1134,168,218,
CN,2020-05-16T00:00:00Z,2289,939,178,151,
CB,2020-05-16T00:00:00Z,2268,1033,79,207,
CM,2020-05-16T00:00:00Z,16618,9054,637,2893,
CL,2020-05-16T00:00:00Z,18470,8690,550,1946,
CT,2020-05-16T00:00:00Z,55824,29400,2957,5944,
CE,2020-05-16T00:00:00Z,116,11,4,4,
VC,2020-05-16T00:00:00Z,10914,5454,723,1366,
EX,2020-05-16T00:00:00Z,2947,1775,110,500,
GA,2020-05-16T00:00:00Z,9051,2926,332,606,
MD,2020-05-16T00:00:00Z,66663,42227,3584,8847,
ML,2020-05-16T00:00:00Z,121,44,3,2,
MC,2020-05-16T00:00:00Z,1551,676,112,144,
NC,2020-05-16T00:00:00Z,5148,2045,136,503,
PV,2020-05-16T00:00:00Z,13364,7015,578,1459,
RI,2020-05-16T00:00:00Z,4024,1496,91,349,
AN,2020-05-17T00:00:00Z,12458,6178,760,1358,
AR,2020-05-17T00:00:00Z,5503,2659,255,838,
AS,2020-05-17T00:00:00Z,2370,1088,121,301,
IB,2020-05-17T00:00:00Z,1991,1134,168,218,
CN,2020-05-17T00:00:00Z,2294,942,178,153,
CB,2020-05-17T00:00:00Z,2271,1035,79,207,
CM,2020-05-17T00:00:00Z,16648,9066,637,2898,
CL,2020-05-17T00:00:00Z,18512,8717,551,1953,
CT,2020-05-17T00:00:00Z,55921,29421,2957,5956,
CE,2020-05-17T00:00:00Z,116,11,4,4,
VC,2020-05-17T00:00:00Z,10926,5469,725,1370,
EX,2020-05-17T00:00:00Z,2948,1775,110,500,
GA,2020-05-17T00:00:00Z,9056,2934,332,607,
MD,2020-05-17T00:00:00Z,66702,42283,3594,8863,
ML,2020-05-17T00:00:00Z,121,44,3,2,
MC,2020-05-17T00:00:00Z,1556,678,112,145,
NC,2020-05-17T00:00:00Z,5178,2045,136,503,
PV,2020-05-17T00:00:00Z,13371,7016,578,1466,
RI,2020-05-17T00:00:00Z,4024,1496,91,351,
AN,2020-05-18T00:00:00Z,12489,6182,760,1367,
AR,2020-05-18T00:00:00Z,5520,2667,255,843,
AS,2020-05-18T00:00:00Z,2373,1088,121,303,
IB,2020-05-18T00:00:00Z,2003,1137,168,219,
CN,2020-05-18T00:00:00Z,2294,942,178,155,
CB,2020-05-18T00:00:00Z,2273,1035,79,208,
CM,2020-05-18T00:00:00Z,16677,9082,638,2900,
CL,2020-05-18T00:00:00Z,18549,8729,551,1960,
CT,2020-05-18T00:00:00Z,55825,29459,2960,5981,
CE,2020-05-18T00:00:00Z,117,11,4,4,
VC,2020-05-18T00:00:00Z,10927,5738,727,1376,
EX,2020-05-18T00:00:00Z,3038,1779,110,504,
GA,2020-05-18T00:00:00Z,9058,2935,332,607,
MD,2020-05-18T00:00:00Z,66828,42350,3600,8894,
ML,2020-05-18T00:00:00Z,121,44,3,2,
MC,2020-05-18T00:00:00Z,1558,679,112,145,
NC,2020-05-18T00:00:00Z,5183,2045,136,503,
PV,2020-05-18T00:00:00Z,13386,7021,578,1470,
RI,2020-05-18T00:00:00Z,4027,1498,91,352,
AN,2020-05-19T00:00:00Z,12502,6196,764,1371,
AR,2020-05-19T00:00:00Z,5551,2434,255,847,
AS,2020-05-19T00:00:00Z,2374,1089,121,304,
IB,2020-05-19T00:00:00Z,2016,1142,168,221,
CN,2020-05-19T00:00:00Z,2300,943,179,155,
CB,2020-05-19T00:00:00Z,2277,1036,79,209,
CM,2020-05-19T00:00:00Z,16739,9122,639,2913,
CL,2020-05-19T00:00:00Z,18586,8734,555,1960,
CT,2020-05-19T00:00:00Z,55888,29497,2969,6021,
CE,2020-05-19T00:00:00Z,119,11,4,4,
VC,2020-05-19T00:00:00Z,10949,5742,727,1378,
EX,2020-05-19T00:00:00Z,3040,1780,110,504,
GA,2020-05-19T00:00:00Z,9067,2939,334,607,
MD,2020-05-19T00:00:00Z,66967,42422,3610,8912,
ML,2020-05-19T00:00:00Z,121,44,3,2,
MC,2020-05-19T00:00:00Z,1560,679,112,148,
NC,2020-05-19T00:00:00Z,5192,2048,136,503,
PV,2020-05-19T00:00:00Z,13412,7024,578,1480,
RI,2020-05-19T00:00:00Z,4033,1499,91,353,
AN,2020-05-20T00:00:00Z,12547,6210,766,1375,
AR,2020-05-20T00:00:00Z,5588,2442,256,848,
AS,2020-05-20T00:00:00Z,2374,1089,121,307,
IB,2020-05-20T00:00:00Z,2024,1144,169,221,
CN,2020-05-20T00:00:00Z,2307,944,179,155,
CB,2020-05-20T00:00:00Z,2279,1036,79,209,
CM,2020-05-20T00:00:00Z,16789,9138,639,2919,
CL,2020-05-20T00:00:00Z,18627,8735,561,1960,
CT,2020-05-20T00:00:00Z,55888,29497,2969,6021,
CE,2020-05-20T00:00:00Z,119,11,4,4,
VC,2020-05-20T00:00:00Z,10987,5747,730,1383,
EX,2020-05-20T00:00:00Z,3042,1780,110,505,
GA,2020-05-20T00:00:00Z,9077,2943,334,608,
MD,2020-05-20T00:00:00Z,67049,42497,3617,8931,
ML,2020-05-20T00:00:00Z,121,44,3,2,
MC,2020-05-20T00:00:00Z,1570,680,112,149,
NC,2020-05-20T00:00:00Z,5195,2048,136,506,
PV,2020-05-20T00:00:00Z,13421,7032,578,1483,
RI,2020-05-20T00:00:00Z,4033,1504,91,354,
